{
  "entity.zombie.ambient": {
	"replace": "true",
    "sounds": [
      "mob/zombie/say1",
      "mob/zombie/say2",
      "mob/zombie/say3",
      "mob/zombie/say4",
      "mob/zombie/say5",
      "mob/zombie/say6",
      "mob/zombie/say7",
      "mob/zombie/say8",
      "mob/zombie/say9",
      "mob/zombie/say10",
      "mob/zombie/say11",
      "mob/zombie/say12",
      "mob/zombie/say13",
      "mob/zombie/say14",
      "mob/zombie/say15",
      "mob/zombie/say16",
      "mob/zombie/say17",
      "mob/zombie/say18",
      "mob/zombie/say19",
	  "mob/zombie/say20",
	  "mob/zombie/say21",
	  "mob/zombie/say22",
	  "mob/zombie/say23",
	  "mob/zombie/say24",
	  "mob/zombie/say25",
	  "mob/zombie/say26",
	  "mob/zombie/say27",
	  "mob/zombie/say28",
	  "mob/zombie/say29",
	  "mob/zombie/say30",
	  "mob/zombie/say31",
	  "mob/zombie/say32",
	  "mob/zombie/say33",
	  "mob/zombie/say34",
	  "mob/zombie/say35",
	  "mob/zombie/say36",
	  "mob/zombie/say37",
	  "mob/zombie/say38",
	  "mob/zombie/say39",
	  "mob/zombie/say40",
	  "mob/zombie/say41",
	  "mob/zombie/say42",
	  "mob/zombie/say43",
	  "mob/zombie/say44",
	  "mob/zombie/say45",
	  "mob/zombie/say46",
	  "mob/zombie/say47",
	  "mob/zombie/say48",
	  "mob/zombie/say49",
	  "mob/zombie/say50",
	  "mob/zombie/say51",
	  "mob/zombie/say52",
	  "mob/zombie/say53",
	  "mob/zombie/say54",
	  "mob/zombie/say55",
	  "mob/zombie/say56",
	  "mob/zombie/say57",
	  "mob/zombie/say58",
	  "mob/zombie/say59",
	  "mob/zombie/say60",
	  "mob/zombie/say61",
	  "mob/zombie/say62",
	  "mob/zombie/say63",
	  "mob/zombie/say64",
	  "mob/zombie/say65",
	  "mob/zombie/say66",
	  "mob/zombie/say67",
	  "mob/zombie/say68",
	  "mob/zombie/say69",
	  "mob/zombie/say70",
	  "mob/zombie/say71",
	  "mob/zombie/say72",
	  "mob/zombie/say73",
	  "mob/zombie/say74",
	  "mob/zombie/say75",
	  "mob/zombie/say76",
	  "mob/zombie/say77",
	  "mob/zombie/say78",
	  "mob/zombie/say79",
	  "mob/zombie/say80",
	  "mob/zombie/say81",
	  "mob/zombie/say82",
	  "mob/zombie/say83"
    ],
    "subtitle": "subtitles.entity.zombie.ambient"
	  },
"entity.zombie.hurt": {
	"replace": "true",
    "sounds": [
      "mob/zombie/zombie/hurt1",
      "mob/zombie/zombie/hurt2",
	  "mob/zombie/hurt3",
      "mob/zombie/hurt4",
      "mob/zombie/hurt5",
      "mob/zombie/hurt6",
      "mob/zombie/hurt7",
      "mob/zombie/hurt8",
      "mob/zombie/hurt9",
      "mob/zombie/hurt10",
      "mob/zombie/hurt11",
      "mob/zombie/hurt12",
      "mob/zombie/hurt13",
      "mob/zombie/hurt14",
      "mob/zombie/hurt15",
	  "mob/zombie/hurt16",
	  "mob/zombie/hurt17",
	  "mob/zombie/hurt18",
	  "mob/zombie/hurt19",
	  "mob/zombie/hurt20",
	  "mob/zombie/hurt21",
	  "mob/zombie/hurt22",
	  "mob/zombie/hurt23",
	  "mob/zombie/hurt24",
	  "mob/zombie/hurt25",
	  "mob/zombie/hurt26",
	  "mob/zombie/hurt27",
	  "mob/zombie/hurt28",
      "mob/zombie/hurt29"
		  
    ],
	"subtitles": "subtitles.entity.zombie.hurt"
		  },
"entity.zombie.death": {
	"replace": "true",
    "sounds": [
	"mob/zombie/zombie/death",
	"mob/zombie/death2",
    "mob/zombie/death3",
    "mob/zombie/death4",
	"mob/zombie/death5",
	"mob/zombie/death6",
	"mob/zombie/death7",
	"mob/zombie/death8",
	"mob/zombie/death9"

		  
    ],
	"subtitles": "subtitles.entity.zombie.death"
	  }
}

	