{
  "format_version": "1.8.0",
  "render_controllers": {
    "controller.render.ghast": {
      "arrays": {
        "textures": {
          "Array.default": [
            "Texture.default",
            "Texture.default2"
          ],
          "Array.shooting": [
            "Texture.shooting",
            "Texture.shooting2"
          ]
        }
      },
      "geometry": "Geometry.default",
      "materials": [ { "*": "Material.default" } ],
      "textures": [ "query.is_charging ? Array.shooting[variable.Xvar] : Array.default[variable.Xvar]" ]
    }
  }
}