{
	"format_version": "1.10.0",
	"geometry.ghast": {
		"texturewidth": 128,
		"textureheight": 128,
		"visible_bounds_width": 6,
		"visible_bounds_height": 10,
		"visible_bounds_offset": [0, 4, 0],
		"bones": [
			{
				"name": "body",
				"pivot": [0, 8, 0]
			},
			{
				"name": "not_a_space_cat_alien",
				"parent": "body",
				"pivot": [0, 12, 3]
			},
			{
				"name": "left_tenticles",
				"parent": "not_a_space_cat_alien",
				"pivot": [1, -1, 0]
			},
			{
				"name": "left_ft",
				"parent": "left_tenticles",
				"pivot": [3.5, 13, -2]
			},
			{
				"name": "left_fronttent",
				"parent": "left_ft",
				"pivot": [4.5, 13, -2],
				"rotation": [-60, 0, 0],
				"cubes": [
					{"origin": [3, 12, -2], "size": [2, 2, 7], "uv": [13, 49]}
				]
			},
			{
				"name": "left_fronttentoe",
				"parent": "left_fronttent",
				"pivot": [4, 12.5, 5],
				"rotation": [15, 0, 0],
				"cubes": [
					{"origin": [3.5, 12.5, 5], "size": [1, 1, 7], "uv": [33, 52]}
				]
			},
			{
				"name": "left_fronttenttoe2",
				"parent": "left_fronttentoe",
				"pivot": [4, 12.5, 12],
				"rotation": [15, 0, 0],
				"cubes": [
					{"origin": [3.5, 12.5, 12], "size": [1, 1, 7], "uv": [51, 45]}
				]
			},
			{
				"name": "left_fronttenttoe_in",
				"parent": "left_fronttenttoe2",
				"pivot": [4, 12.5, 19],
				"rotation": [15, 0, 0],
				"cubes": [
					{"origin": [3.5, 12.5, 19], "size": [1, 1, 7], "uv": [24, 51]}
				]
			},
			{
				"name": "left_fronttenttoe_in2",
				"parent": "left_fronttenttoe_in",
				"pivot": [4, 12.5, 26],
				"rotation": [15, 0, 0],
				"cubes": [
					{"origin": [3.5, 12.5, 26], "size": [1, 1, 7], "uv": [51, 0]}
				]
			},
			{
				"name": "left_ft_a",
				"parent": "left_tenticles",
				"pivot": [2.5, 14, -2]
			},
			{
				"name": "left_fronttent_a",
				"parent": "left_ft_a",
				"pivot": [2.5, 14, -2],
				"rotation": [-40, 0, 0],
				"cubes": [
					{"origin": [1, 13, -2], "size": [2, 2, 7], "uv": [13, 49]}
				]
			},
			{
				"name": "left_fronttentoe_a",
				"parent": "left_fronttent_a",
				"pivot": [2, 13.5, 5],
				"rotation": [15, 0, 0],
				"cubes": [
					{"origin": [1.5, 13.5, 5], "size": [1, 1, 7], "uv": [33, 52]}
				]
			},
			{
				"name": "left_fronttenttoe_a2",
				"parent": "left_fronttentoe_a",
				"pivot": [2, 13.5, 12],
				"rotation": [15, 0, 0],
				"cubes": [
					{"origin": [1.5, 13.5, 12], "size": [1, 1, 7], "uv": [51, 45]}
				]
			},
			{
				"name": "left_fronttenttoe_in_a",
				"parent": "left_fronttenttoe_a2",
				"pivot": [2, 13.5, 19],
				"rotation": [7.5, 0, 0],
				"cubes": [
					{"origin": [1.5, 13.5, 19], "size": [1, 1, 7], "uv": [24, 51]}
				]
			},
			{
				"name": "left_fronttenttoe_in_a2",
				"parent": "left_fronttenttoe_in_a",
				"pivot": [2, 13.5, 26],
				"rotation": [5, 0, 0],
				"cubes": [
					{"origin": [1.5, 13.5, 26], "size": [1, 1, 7], "uv": [51, 0]}
				]
			},
			{
				"name": "left_ft_b",
				"parent": "left_tenticles",
				"pivot": [4.5, 13, 0]
			},
			{
				"name": "left_fronttent_b",
				"parent": "left_ft_b",
				"pivot": [4.5, 13, 0],
				"rotation": [-17.5, 0, 0],
				"cubes": [
					{"origin": [3, 12, 0], "size": [2, 2, 7], "uv": [13, 49]}
				]
			},
			{
				"name": "left_fronttentoe_b",
				"parent": "left_fronttent_b",
				"pivot": [4, 12.5, 7],
				"rotation": [10, 0, 0],
				"cubes": [
					{"origin": [3.5, 12.5, 7], "size": [1, 1, 7], "uv": [33, 52]}
				]
			},
			{
				"name": "left_fronttenttoe_b2",
				"parent": "left_fronttentoe_b",
				"pivot": [4, 12.5, 14],
				"rotation": [5, 0, 0],
				"cubes": [
					{"origin": [3.5, 12.5, 14], "size": [1, 1, 7], "uv": [51, 45]}
				]
			},
			{
				"name": "left_fronttenttoe_in_b",
				"parent": "left_fronttenttoe_b2",
				"pivot": [4, 12.5, 21],
				"rotation": [5, 0, 0],
				"cubes": [
					{"origin": [3.5, 12.5, 21], "size": [1, 1, 7], "uv": [24, 51]}
				]
			},
			{
				"name": "left_fronttenttoe_in_b2",
				"parent": "left_fronttenttoe_in_b",
				"pivot": [4, 12.5, 28],
				"rotation": [5, 0, 0],
				"cubes": [
					{"origin": [3.5, 12.5, 28], "size": [1, 1, 7], "uv": [51, 0]}
				]
			},
			{
				"name": "right_tenticles",
				"parent": "not_a_space_cat_alien",
				"pivot": [-1, -1, 0]
			},
			{
				"name": "right_ft",
				"parent": "right_tenticles",
				"pivot": [-3.5, 13, -2]
			},
			{
				"name": "right_fronttent",
				"parent": "right_ft",
				"pivot": [-4.5, 13, -2],
				"rotation": [-60, 0, 0],
				"mirror": true,
				"cubes": [
					{"origin": [-5, 12, -2], "size": [2, 2, 7], "uv": [13, 49]}
				]
			},
			{
				"name": "right_fronttentoe",
				"parent": "right_fronttent",
				"pivot": [-4, 12.5, 5],
				"rotation": [15, 0, 0],
				"mirror": true,
				"cubes": [
					{"origin": [-4.5, 12.5, 5], "size": [1, 1, 7], "uv": [33, 52]}
				]
			},
			{
				"name": "right_fronttenttoe2",
				"parent": "right_fronttentoe",
				"pivot": [-4, 12.5, 12],
				"rotation": [15, 0, 0],
				"mirror": true,
				"cubes": [
					{"origin": [-4.5, 12.5, 12], "size": [1, 1, 7], "uv": [51, 45]}
				]
			},
			{
				"name": "right_fronttenttoe_in",
				"parent": "right_fronttenttoe2",
				"pivot": [-4, 12.5, 19],
				"rotation": [15, 0, 0],
				"mirror": true,
				"cubes": [
					{"origin": [-4.5, 12.5, 19], "size": [1, 1, 7], "uv": [24, 51]}
				]
			},
			{
				"name": "right_fronttenttoe_in2",
				"parent": "right_fronttenttoe_in",
				"pivot": [-4, 12.5, 26],
				"rotation": [15, 0, 0],
				"mirror": true,
				"cubes": [
					{"origin": [-4.5, 12.5, 26], "size": [1, 1, 7], "uv": [51, 0]}
				]
			},
			{
				"name": "right_ft_a",
				"parent": "right_tenticles",
				"pivot": [-2.5, 14, -2]
			},
			{
				"name": "right_fronttent_a",
				"parent": "right_ft_a",
				"pivot": [-2.5, 14, -2],
				"rotation": [-40, 0, 0],
				"mirror": true,
				"cubes": [
					{"origin": [-3, 13, -2], "size": [2, 2, 7], "uv": [13, 49]}
				]
			},
			{
				"name": "right_fronttentoe_a",
				"parent": "right_fronttent_a",
				"pivot": [-2, 13.5, 5],
				"rotation": [15, 0, 0],
				"mirror": true,
				"cubes": [
					{"origin": [-2.5, 13.5, 5], "size": [1, 1, 7], "uv": [33, 52]}
				]
			},
			{
				"name": "right_fronttenttoe_a2",
				"parent": "right_fronttentoe_a",
				"pivot": [-2, 13.5, 12],
				"rotation": [15, 0, 0],
				"mirror": true,
				"cubes": [
					{"origin": [-2.5, 13.5, 12], "size": [1, 1, 7], "uv": [51, 45]}
				]
			},
			{
				"name": "right_fronttenttoe_in_a",
				"parent": "right_fronttenttoe_a2",
				"pivot": [-2, 13.5, 19],
				"rotation": [7.5, 0, 0],
				"mirror": true,
				"cubes": [
					{"origin": [-2.5, 13.5, 19], "size": [1, 1, 7], "uv": [24, 51]}
				]
			},
			{
				"name": "right_fronttenttoe_in_a2",
				"parent": "right_fronttenttoe_in_a",
				"pivot": [-2, 13.5, 26],
				"rotation": [5, 0, 0],
				"mirror": true,
				"cubes": [
					{"origin": [-2.5, 13.5, 26], "size": [1, 1, 7], "uv": [51, 0]}
				]
			},
			{
				"name": "right_ft_b",
				"parent": "right_tenticles",
				"pivot": [-4.5, 13, 0]
			},
			{
				"name": "right_fronttent_b",
				"parent": "right_ft_b",
				"pivot": [-4.5, 13, 0],
				"rotation": [-17.5, 0, 0],
				"mirror": true,
				"cubes": [
					{"origin": [-5, 12, 0], "size": [2, 2, 7], "uv": [13, 49]}
				]
			},
			{
				"name": "right_fronttentoe_b",
				"parent": "right_fronttent_b",
				"pivot": [-4, 12.5, 7],
				"rotation": [10, 0, 0],
				"mirror": true,
				"cubes": [
					{"origin": [-4.5, 12.5, 7], "size": [1, 1, 7], "uv": [33, 52]}
				]
			},
			{
				"name": "right_fronttenttoe_b2",
				"parent": "right_fronttentoe_b",
				"pivot": [-4, 12.5, 14],
				"rotation": [5, 0, 0],
				"mirror": true,
				"cubes": [
					{"origin": [-4.5, 12.5, 14], "size": [1, 1, 7], "uv": [51, 45]}
				]
			},
			{
				"name": "right_fronttenttoe_in_b",
				"parent": "right_fronttenttoe_b2",
				"pivot": [-4, 12.5, 21],
				"rotation": [5, 0, 0],
				"mirror": true,
				"cubes": [
					{"origin": [-4.5, 12.5, 21], "size": [1, 1, 7], "uv": [24, 51]}
				]
			},
			{
				"name": "right_fronttenttoe_in_b2",
				"parent": "right_fronttenttoe_in_b",
				"pivot": [-4, 12.5, 28],
				"rotation": [5, 0, 0],
				"mirror": true,
				"cubes": [
					{"origin": [-4.5, 12.5, 28], "size": [1, 1, 7], "uv": [51, 0]}
				]
			},
			{
				"name": "not_space_meow",
				"parent": "not_a_space_cat_alien",
				"pivot": [0, 12, 3],
				"cubes": [
					{"origin": [-2, 11.93955, -0.90038], "size": [4, 3, 6], "uv": [38, 43]},
					{"origin": [-4, 9.93955, -7.90038], "size": [8, 7, 10], "uv": [42, 111]},
					{"origin": [-1, 10.93955, -2.90038], "size": [2, 1, 8], "uv": [0, 44]}
				]
			},
			{
				"name": "wig",
				"parent": "not_space_meow",
				"pivot": [1.25, 13, 2],
				"cubes": [
					{"origin": [-6.00058, 12, -2.07194], "size": [4, 3, 7], "uv": [0, 118]}
				]
			},
			{
				"name": "body_sub_41",
				"parent": "wig",
				"pivot": [1.25, 13, 2],
				"mirror": true,
				"cubes": [
					{"origin": [2.00058, 12, -2.07194], "size": [4, 3, 7], "uv": [0, 118]}
				]
			},
			{
				"name": "bone2",
				"parent": "wig",
				"pivot": [0.75, 14, -6],
				"rotation": [0, -20, 0],
				"cubes": [
					{"origin": [-4.25, 12, -6], "size": [6, 3, 6], "uv": [0, 109]}
				]
			},
			{
				"name": "bone4",
				"parent": "wig",
				"pivot": [-0.75, 14, -6],
				"rotation": [0, 20, 0],
				"mirror": true,
				"cubes": [
					{"origin": [-1.75, 12, -6], "size": [6, 3, 6], "uv": [0, 109]}
				]
			},
			{
				"name": "bone3",
				"parent": "not_space_meow",
				"pivot": [0, 12, 3]
			},
			{
				"name": "bone",
				"parent": "bone3",
				"pivot": [0, 11.65, -4.75],
				"rotation": [27.5, 0, 0],
				"cubes": [
					{"origin": [-2, 10.65, -4.75], "size": [4, 7, 11], "uv": [0, 0]},
					{"origin": [-3.5, 8.65, -2.75], "size": [7, 7, 10], "uv": [18, 96]}
				]
			},
			{
				"name": "finies",
				"parent": "not_space_meow",
				"pivot": [0, 12, 3]
			},
			{
				"name": "left_wing",
				"parent": "not_a_space_cat_alien",
				"pivot": [3.5, 16, -2],
				"rotation": [0, -10, 0],
				"cubes": [
					{"origin": [3.5, 11, -2], "size": [6, 5, 8], "uv": [59, 0]}
				]
			},
			{
				"name": "right_wing",
				"parent": "not_a_space_cat_alien",
				"pivot": [-3.5, 16, -2],
				"rotation": [0, 10, 0],
				"mirror": true,
				"cubes": [
					{"origin": [-9.5, 11, -2], "size": [6, 5, 8], "uv": [59, 0]}
				]
			},
			{
				"name": "left_h",
				"parent": "not_a_space_cat_alien",
				"pivot": [2.5, 10.5, -3.5]
			},
			{
				"name": "left_hand",
				"parent": "left_h",
				"pivot": [2.5, 10.5, -3.5],
				"rotation": [-85, 0, 0],
				"cubes": [
					{"origin": [1.5, 9.4981, -3.45642], "size": [2, 2, 7], "uv": [13, 49]}
				]
			},
			{
				"name": "left_hand2",
				"parent": "left_hand",
				"pivot": [2.5, 10, 3.5],
				"rotation": [15, 0, 0],
				"cubes": [
					{"origin": [2, 10, 3.5], "size": [1, 1, 7], "uv": [51, 45]}
				]
			},
			{
				"name": "left_hand3",
				"parent": "left_hand2",
				"pivot": [2.5, 10, 10.5],
				"rotation": [15, 0, 0],
				"cubes": [
					{"origin": [2, 10, 10.5], "size": [1, 1, 7], "uv": [51, 0]}
				]
			},
			{
				"name": "right_h",
				"parent": "not_a_space_cat_alien",
				"pivot": [-2.5, 10.5, -3.5]
			},
			{
				"name": "right_hand",
				"parent": "right_h",
				"pivot": [-2.5, 10.5, -3.5],
				"rotation": [-85, 0, 0],
				"mirror": true,
				"cubes": [
					{"origin": [-3.5, 9.4981, -3.45642], "size": [2, 2, 7], "uv": [13, 49]}
				]
			},
			{
				"name": "right_hand2",
				"parent": "right_hand",
				"pivot": [-2.5, 10, 3.5],
				"rotation": [15, 0, 0],
				"mirror": true,
				"cubes": [
					{"origin": [-3, 10, 3.5], "size": [1, 1, 7], "uv": [51, 45]}
				]
			},
			{
				"name": "right_hand3",
				"parent": "right_hand2",
				"pivot": [-2.5, 10, 10.5],
				"rotation": [15, 0, 0],
				"mirror": true,
				"cubes": [
					{"origin": [-3, 10, 10.5], "size": [1, 1, 7], "uv": [51, 0]}
				]
			},
			{
				"name": "tentacles_0",
				"parent": "body",
				"pivot": [-3.8, 1, -5]
			},
			{
				"name": "tentacles_1",
				"parent": "body",
				"pivot": [1.3, 1, -5]
			},
			{
				"name": "tentacles_2",
				"parent": "body",
				"pivot": [6.3, 1, -5]
			},
			{
				"name": "tentacles_3",
				"parent": "body",
				"pivot": [-6.3, 1, 0]
			},
			{
				"name": "tentacles_4",
				"parent": "body",
				"pivot": [-1.3, 1, 0]
			},
			{
				"name": "tentacles_5",
				"parent": "body",
				"pivot": [3.8, 1, 0]
			},
			{
				"name": "tentacles_6",
				"parent": "body",
				"pivot": [-3.8, 1, 5]
			},
			{
				"name": "tentacles_7",
				"parent": "body",
				"pivot": [1.3, 1, 5]
			},
			{
				"name": "tentacles_8",
				"parent": "body",
				"pivot": [6.3, 1, 5]
			}
		]
	}
}