{
	"format_version": "1.10.0",
	"geometry.ghast": {
		"texturewidth": 185,
		"textureheight": 128,
		"visible_bounds_width": 13,
		"visible_bounds_height": 10,
		"visible_bounds_offset": [0, 4, 0],
		"bones": [
			{
				"name": "body",
				"pivot": [0, 8, 0]
			},
			{
				"name": "lamp",
				"parent": "body",
				"pivot": [0, -5, 0]
			},
			{
				"name": "head",
				"parent": "lamp",
				"pivot": [0, 15, -7],
				"cubes": [
					{"origin": [-3, 15, -10], "size": [6, 5, 6], "uv": [0, 49]}
				]
			},
			{
				"name": "whiskey",
				"parent": "head",
				"pivot": [0, 16, -7]
			},
			{
				"name": "whiskeyleft",
				"parent": "whiskey",
				"pivot": [3, 16, -9],
				"rotation": [0, -35, 45],
				"mirror": true,
				"cubes": [
					{"origin": [3, 14, -9], "size": [2, 2, 1], "uv": [0, 9]}
				]
			},
			{
				"name": "whiskeyright",
				"parent": "whiskey",
				"pivot": [-3, 16, -9],
				"rotation": [0, 35, -45],
				"cubes": [
					{"origin": [-5, 14, -9], "size": [2, 2, 1], "uv": [0, 9]}
				]
			},
			{
				"name": "whiskey2",
				"parent": "head",
				"pivot": [0, 18.5, -6]
			},
			{
				"name": "whiskeyleft2",
				"parent": "whiskey2",
				"pivot": [3, 18.5, -8],
				"rotation": [0, -35, 5],
				"mirror": true,
				"cubes": [
					{"origin": [3, 16.5, -8], "size": [2, 2, 1], "uv": [7, 8]}
				]
			},
			{
				"name": "whiskeyright2",
				"parent": "whiskey2",
				"pivot": [-3, 18.5, -8],
				"rotation": [0, 35, -5],
				"cubes": [
					{"origin": [-5, 16.5, -8], "size": [2, 2, 1], "uv": [7, 8]}
				]
			},
			{
				"name": "bodyyyy",
				"parent": "lamp",
				"pivot": [0, 15, -4],
				"rotation": [-20, 0, 0],
				"cubes": [
					{"origin": [-5, 11, -6], "size": [10, 10, 14], "uv": [0, 0]}
				]
			},
			{
				"name": "right_wing",
				"parent": "bodyyyy",
				"pivot": [-3, 16, -1],
				"rotation": [5, 0, 0],
				"cubes": [
					{"origin": [-42, 15, -17], "size": [40, 1, 50], "uv": [0, 65]}
				]
			},
			{
				"name": "left_wing",
				"parent": "bodyyyy",
				"pivot": [3, 16, -1],
				"rotation": [5, 0, 0],
				"mirror": true,
				"cubes": [
					{"origin": [2, 15, -17], "size": [40, 1, 50], "uv": [0, 65]}
				]
			},
			{
				"name": "bone",
				"parent": "bodyyyy",
				"pivot": [0, 13, 6],
				"rotation": [10, 0, 0],
				"cubes": [
					{"origin": [-3, 13, 6], "size": [6, 6, 14], "uv": [0, 24]}
				]
			},
			{
				"name": "right_tenticles",
				"parent": "lamp",
				"pivot": [0, -5, 3]
			},
			{
				"name": "right_ft",
				"parent": "right_tenticles",
				"pivot": [-3, 13, -3]
			},
			{
				"name": "right_fronttent2",
				"parent": "right_ft",
				"pivot": [-3, 13, -3],
				"rotation": [-85, 0, 0],
				"cubes": [
					{"origin": [-3.5, 12, -3], "size": [2, 2, 7], "uv": [26, 24]}
				]
			},
			{
				"name": "right_fronttentoe2",
				"parent": "right_fronttent2",
				"pivot": [-2.5, 12.5, 4],
				"rotation": [15, 0, 0],
				"cubes": [
					{"origin": [-3, 12.5, 4], "size": [1, 1, 7], "uv": [17, 57]}
				]
			},
			{
				"name": "right_fronttenttoe3",
				"parent": "right_fronttentoe2",
				"pivot": [-2.5, 12.5, 11],
				"rotation": [15, 0, 0],
				"cubes": [
					{"origin": [-3, 12.5, 11], "size": [1, 1, 7], "uv": [49, 50]}
				]
			},
			{
				"name": "right_fronttenttoe_in3",
				"parent": "right_fronttenttoe3",
				"pivot": [-2.5, 12.5, 18],
				"rotation": [15, 0, 0],
				"cubes": [
					{"origin": [-3, 12.5, 18], "size": [1, 1, 7], "uv": [40, 49]}
				]
			},
			{
				"name": "right_fronttenttoe_in4",
				"parent": "right_fronttenttoe_in3",
				"pivot": [-2.5, 12.5, 25],
				"rotation": [15, 0, 0],
				"cubes": [
					{"origin": [-3, 12.5, 25], "size": [1, 1, 7], "uv": [24, 49]}
				]
			},
			{
				"name": "right_ft_a",
				"parent": "right_tenticles",
				"pivot": [-3, 11, 0],
				"rotation": [-25, 0, 0]
			},
			{
				"name": "right_fronttent_a",
				"parent": "right_ft_a",
				"pivot": [-3, 11, 0],
				"rotation": [-40, 0, 0],
				"mirror": true,
				"cubes": [
					{"origin": [-3.5, 10, 0], "size": [2, 2, 7], "uv": [26, 24]}
				]
			},
			{
				"name": "right_fronttentoe_a",
				"parent": "right_fronttent_a",
				"pivot": [-2.5, 10.5, 7],
				"rotation": [15, 0, 0],
				"mirror": true,
				"cubes": [
					{"origin": [-3, 10.5, 7], "size": [1, 1, 7], "uv": [17, 57]}
				]
			},
			{
				"name": "right_fronttenttoe_a2",
				"parent": "right_fronttentoe_a",
				"pivot": [-2.5, 10.5, 14],
				"rotation": [15, 0, 0],
				"mirror": true,
				"cubes": [
					{"origin": [-3, 10.5, 14], "size": [1, 1, 7], "uv": [49, 50]}
				]
			},
			{
				"name": "right_fronttenttoe_in_a",
				"parent": "right_fronttenttoe_a2",
				"pivot": [-2.5, 10.5, 21],
				"rotation": [7.5, 0, 0],
				"mirror": true,
				"cubes": [
					{"origin": [-3, 10.5, 21], "size": [1, 1, 7], "uv": [40, 49]}
				]
			},
			{
				"name": "right_fronttenttoe_in_a2",
				"parent": "right_fronttenttoe_in_a",
				"pivot": [-2.5, 10.5, 28],
				"rotation": [5, 0, 0],
				"mirror": true,
				"cubes": [
					{"origin": [-3, 10.5, 28], "size": [1, 1, 7], "uv": [24, 49]}
				]
			},
			{
				"name": "right_ft_b",
				"parent": "right_tenticles",
				"pivot": [-2, 11, 2],
				"rotation": [-27.5, 0, 0]
			},
			{
				"name": "right_fronttent_b",
				"parent": "right_ft_b",
				"pivot": [-2, 11, 2],
				"rotation": [-12.5, 0, 0],
				"mirror": true,
				"cubes": [
					{"origin": [-2.5, 10, 2], "size": [2, 2, 7], "uv": [26, 24]}
				]
			},
			{
				"name": "right_fronttentoe_b",
				"parent": "right_fronttent_b",
				"pivot": [-1.5, 10.5, 9],
				"rotation": [10, 0, 0],
				"mirror": true,
				"cubes": [
					{"origin": [-2, 10.5, 9], "size": [1, 1, 7], "uv": [17, 57]}
				]
			},
			{
				"name": "right_fronttenttoe_b2",
				"parent": "right_fronttentoe_b",
				"pivot": [-1.5, 10.5, 16],
				"rotation": [5, 0, 0],
				"mirror": true,
				"cubes": [
					{"origin": [-2, 10.5, 16], "size": [1, 1, 7], "uv": [49, 50]}
				]
			},
			{
				"name": "right_fronttenttoe_in_b",
				"parent": "right_fronttenttoe_b2",
				"pivot": [-1.5, 10.5, 23],
				"rotation": [5, 0, 0],
				"mirror": true,
				"cubes": [
					{"origin": [-2, 10.5, 23], "size": [1, 1, 7], "uv": [40, 49]}
				]
			},
			{
				"name": "right_fronttenttoe_in_b2",
				"parent": "right_fronttenttoe_in_b",
				"pivot": [-1.5, 10.5, 30],
				"rotation": [5, 0, 0],
				"mirror": true,
				"cubes": [
					{"origin": [-2, 10.5, 30], "size": [1, 1, 7], "uv": [24, 49]}
				]
			},
			{
				"name": "left_tenticles",
				"parent": "lamp",
				"pivot": [0, -5, 3]
			},
			{
				"name": "left_ft",
				"parent": "left_tenticles",
				"pivot": [3, 13, -3]
			},
			{
				"name": "left_fronttent2",
				"parent": "left_ft",
				"pivot": [3, 13, -3],
				"rotation": [-85, 0, 0],
				"mirror": true,
				"cubes": [
					{"origin": [1.5, 12, -3], "size": [2, 2, 7], "uv": [26, 24]}
				]
			},
			{
				"name": "left_fronttentoe2",
				"parent": "left_fronttent2",
				"pivot": [2.5, 12.5, 4],
				"rotation": [15, 0, 0],
				"mirror": true,
				"cubes": [
					{"origin": [2, 12.5, 4], "size": [1, 1, 7], "uv": [17, 57]}
				]
			},
			{
				"name": "left_fronttenttoe3",
				"parent": "left_fronttentoe2",
				"pivot": [2.5, 12.5, 11],
				"rotation": [15, 0, 0],
				"mirror": true,
				"cubes": [
					{"origin": [2, 12.5, 11], "size": [1, 1, 7], "uv": [49, 50]}
				]
			},
			{
				"name": "left_fronttenttoe_in3",
				"parent": "left_fronttenttoe3",
				"pivot": [2.5, 12.5, 18],
				"rotation": [15, 0, 0],
				"mirror": true,
				"cubes": [
					{"origin": [2, 12.5, 18], "size": [1, 1, 7], "uv": [40, 49]}
				]
			},
			{
				"name": "left_fronttenttoe_in4",
				"parent": "left_fronttenttoe_in3",
				"pivot": [2.5, 12.5, 25],
				"rotation": [15, 0, 0],
				"mirror": true,
				"cubes": [
					{"origin": [2, 12.5, 25], "size": [1, 1, 7], "uv": [24, 49]}
				]
			},
			{
				"name": "left_ft_a",
				"parent": "left_tenticles",
				"pivot": [3, 11, 0],
				"rotation": [-25, 0, 0]
			},
			{
				"name": "left_fronttent_a",
				"parent": "left_ft_a",
				"pivot": [3, 11, 0],
				"rotation": [-40, 0, 0],
				"cubes": [
					{"origin": [1.5, 10, 0], "size": [2, 2, 7], "uv": [26, 24]}
				]
			},
			{
				"name": "left_fronttentoe_a",
				"parent": "left_fronttent_a",
				"pivot": [2.5, 10.5, 7],
				"rotation": [15, 0, 0],
				"cubes": [
					{"origin": [2, 10.5, 7], "size": [1, 1, 7], "uv": [17, 57]}
				]
			},
			{
				"name": "left_fronttenttoe_a2",
				"parent": "left_fronttentoe_a",
				"pivot": [2.5, 10.5, 14],
				"rotation": [15, 0, 0],
				"cubes": [
					{"origin": [2, 10.5, 14], "size": [1, 1, 7], "uv": [49, 50]}
				]
			},
			{
				"name": "left_fronttenttoe_in_a",
				"parent": "left_fronttenttoe_a2",
				"pivot": [2.5, 10.5, 21],
				"rotation": [7.5, 0, 0],
				"cubes": [
					{"origin": [2, 10.5, 21], "size": [1, 1, 7], "uv": [40, 49]}
				]
			},
			{
				"name": "left_fronttenttoe_in_a2",
				"parent": "left_fronttenttoe_in_a",
				"pivot": [2.5, 10.5, 28],
				"rotation": [5, 0, 0],
				"cubes": [
					{"origin": [2, 10.5, 28], "size": [1, 1, 7], "uv": [24, 49]}
				]
			},
			{
				"name": "left_ft_b",
				"parent": "left_tenticles",
				"pivot": [2, 11, 2],
				"rotation": [-27.5, 0, 0]
			},
			{
				"name": "left_fronttent_b",
				"parent": "left_ft_b",
				"pivot": [2, 11, 2],
				"rotation": [-12.5, 0, 0],
				"cubes": [
					{"origin": [0.5, 10, 2], "size": [2, 2, 7], "uv": [26, 24]}
				]
			},
			{
				"name": "left_fronttentoe_b",
				"parent": "left_fronttent_b",
				"pivot": [1.5, 10.5, 9],
				"rotation": [10, 0, 0],
				"cubes": [
					{"origin": [1, 10.5, 9], "size": [1, 1, 7], "uv": [17, 57]}
				]
			},
			{
				"name": "left_fronttenttoe_b2",
				"parent": "left_fronttentoe_b",
				"pivot": [1.5, 10.5, 16],
				"rotation": [5, 0, 0],
				"cubes": [
					{"origin": [1, 10.5, 16], "size": [1, 1, 7], "uv": [49, 50]}
				]
			},
			{
				"name": "left_fronttenttoe_in_b",
				"parent": "left_fronttenttoe_b2",
				"pivot": [1.5, 10.5, 23],
				"rotation": [5, 0, 0],
				"cubes": [
					{"origin": [1, 10.5, 23], "size": [1, 1, 7], "uv": [40, 49]}
				]
			},
			{
				"name": "left_fronttenttoe_in_b2",
				"parent": "left_fronttenttoe_in_b",
				"pivot": [1.5, 10.5, 30],
				"rotation": [5, 0, 0],
				"cubes": [
					{"origin": [1, 10.5, 30], "size": [1, 1, 7], "uv": [24, 49]}
				]
			},
			{
				"name": "tentacles_0",
				"parent": "body",
				"pivot": [-3.8, 1, -5]
			},
			{
				"name": "tentacles_1",
				"parent": "body",
				"pivot": [1.3, 1, -5]
			},
			{
				"name": "tentacles_2",
				"parent": "body",
				"pivot": [6.3, 1, -5]
			},
			{
				"name": "tentacles_3",
				"parent": "body",
				"pivot": [-6.3, 1, 0]
			},
			{
				"name": "tentacles_4",
				"parent": "body",
				"pivot": [-1.3, 1, 0]
			},
			{
				"name": "tentacles_5",
				"parent": "body",
				"pivot": [3.8, 1, 0]
			},
			{
				"name": "tentacles_6",
				"parent": "body",
				"pivot": [-3.8, 1, 5]
			},
			{
				"name": "tentacles_7",
				"parent": "body",
				"pivot": [1.3, 1, 5]
			},
			{
				"name": "tentacles_8",
				"parent": "body",
				"pivot": [6.3, 1, 5]
			}
		]
	}
}