{
	"format_version": "1.10.0",
	"geometry.ghast": {
		"texturewidth": 256,
		"textureheight": 512,
		"visible_bounds_width": 13,
		"visible_bounds_height": 11,
		"visible_bounds_offset": [0, 3.5, 0],
		"bones": [
			{
				"name": "body",
				"pivot": [0, 8, 0]
			},
			{
				"name": "player",
				"parent": "body",
				"pivot": [0, 0, 0]
			},
			{
				"name": "head",
				"parent": "player",
				"pivot": [0, 8, 0],
				"cubes": [
					{"origin": [-1, 8, -1], "size": [2, 2, 2], "uv": [0, 0]},
					{"origin": [-1, 8, -1], "size": [2, 2, 2], "uv": [8, 0], "inflate": 0.125}
				]
			},
			{
				"name": "earright",
				"parent": "head",
				"pivot": [-1, 9.25, 0.1],
				"rotation": [0, 0, 20],
				"cubes": [
					{"origin": [-1.1, 8.25, -0.5], "size": [1, 1, 1], "uv": [6, 0]}
				]
			},
			{
				"name": "earleft",
				"parent": "head",
				"pivot": [1, 9.25, 0.1],
				"rotation": [0, 0, -20]
			},
			{
				"name": "body_sub_31",
				"parent": "earleft",
				"pivot": [1, 9.25, 0.1],
				"mirror": true,
				"cubes": [
					{"origin": [0.1, 8.25, -0.5], "size": [1, 1, 1], "uv": [6, 0]}
				]
			},
			{
				"name": "ghat",
				"parent": "head",
				"pivot": [0, 8.25, 0],
				"cubes": [
					{"origin": [-3, 9.5, -3], "size": [6, 1, 6], "uv": [34, 8]},
					{"origin": [-3, 9.25, -3], "size": [6, 1, 6], "uv": [40, 15], "inflate": 0.01}
				]
			},
			{
				"name": "ghasthat",
				"parent": "ghat",
				"pivot": [0, 8.25, 0],
				"cubes": [
					{"origin": [-1, 10, -1], "size": [2, 1, 2], "uv": [35, 0]},
					{"origin": [-2, 9.75, -2], "size": [4, 1, 4], "uv": [48, 0]}
				]
			},
			{
				"name": "tentright",
				"parent": "ghasthat",
				"pivot": [-0.25, 8.25, -0.5]
			},
			{
				"name": "tent4",
				"parent": "tentright",
				"pivot": [-1.75, 9.5, 2.5],
				"rotation": [30, 0, 0],
				"cubes": [
					{"origin": [-2, 5.5, 2.5], "size": [1, 4, 1], "uv": [60, 5]},
					{"origin": [-2.5, 5.5, 2], "size": [1, 4, 1], "uv": [60, 10]}
				]
			},
			{
				"name": "tentm4",
				"parent": "tent4",
				"pivot": [-1.75, 5.5, 2.5],
				"rotation": [20, 0, 0],
				"cubes": [
					{"origin": [-2, 1.5, 2.5], "size": [1, 4, 1], "uv": [60, 22]},
					{"origin": [-2.5, 1.5, 2], "size": [1, 4, 1], "uv": [60, 27]}
				]
			},
			{
				"name": "tent3",
				"parent": "tentright",
				"pivot": [-2.75, 9.5, 1],
				"rotation": [15, 0, 0],
				"cubes": [
					{"origin": [-3, 5.5, 1], "size": [1, 4, 1], "uv": [60, 5]},
					{"origin": [-3.5, 5.5, 0.5], "size": [1, 4, 1], "uv": [60, 10]}
				]
			},
			{
				"name": "tentm3",
				"parent": "tent3",
				"pivot": [-2.75, 5.5, 1],
				"rotation": [12.5, 0, 0],
				"cubes": [
					{"origin": [-3, 1.5, 1], "size": [1, 4, 1], "uv": [60, 22]},
					{"origin": [-3.5, 1.5, 0.5], "size": [1, 4, 1], "uv": [60, 27]}
				]
			},
			{
				"name": "tent2",
				"parent": "tentright",
				"pivot": [-2.75, 9.5, -1.5],
				"rotation": [10, 0, 0],
				"cubes": [
					{"origin": [-3, 5.5, -1.5], "size": [1, 4, 1], "uv": [60, 5]},
					{"origin": [-3.5, 5.5, -2], "size": [1, 4, 1], "uv": [60, 10]}
				]
			},
			{
				"name": "tentm2",
				"parent": "tent2",
				"pivot": [-2.75, 5.5, -1.5],
				"rotation": [10, 0, 0],
				"cubes": [
					{"origin": [-3, 1.5, -1.5], "size": [1, 4, 1], "uv": [60, 22]},
					{"origin": [-3.5, 1.5, -2], "size": [1, 4, 1], "uv": [60, 27]}
				]
			},
			{
				"name": "tent1",
				"parent": "tentright",
				"pivot": [-1.75, 9.5, -3],
				"rotation": [5, 0, 0],
				"cubes": [
					{"origin": [-2, 5.5, -3], "size": [1, 4, 1], "uv": [60, 5]},
					{"origin": [-2.5, 5.5, -3.5], "size": [1, 4, 1], "uv": [60, 10]}
				]
			},
			{
				"name": "tentm1",
				"parent": "tent1",
				"pivot": [-1.75, 5.5, -3],
				"rotation": [5, 0, 0],
				"cubes": [
					{"origin": [-2, 1.5, -3], "size": [1, 4, 1], "uv": [60, 22]},
					{"origin": [-2.5, 1.5, -3.5], "size": [1, 4, 1], "uv": [60, 27]}
				]
			},
			{
				"name": "tentleft",
				"parent": "ghasthat",
				"pivot": [0.25, 8.25, -0.5]
			},
			{
				"name": "tent5",
				"parent": "tentleft",
				"pivot": [1.75, 9.5, 2.5],
				"rotation": [30, 0, 0],
				"cubes": [
					{"origin": [1, 5.5, 2.5], "size": [1, 4, 1], "uv": [60, 5], "mirror": true},
					{"origin": [1.5, 5.5, 2], "size": [1, 4, 1], "uv": [60, 10], "mirror": true}
				]
			},
			{
				"name": "tentm5",
				"parent": "tent5",
				"pivot": [1.75, 5.5, 2.5],
				"rotation": [20, 0, 0],
				"cubes": [
					{"origin": [1, 1.5, 2.5], "size": [1, 4, 1], "uv": [60, 22], "mirror": true},
					{"origin": [1.5, 1.5, 2], "size": [1, 4, 1], "uv": [60, 27], "mirror": true}
				]
			},
			{
				"name": "tent6",
				"parent": "tentleft",
				"pivot": [2.75, 9.5, 1],
				"rotation": [15, 0, 0],
				"cubes": [
					{"origin": [2, 5.5, 1], "size": [1, 4, 1], "uv": [60, 5], "mirror": true},
					{"origin": [2.5, 5.5, 0.5], "size": [1, 4, 1], "uv": [60, 10], "mirror": true}
				]
			},
			{
				"name": "tentm6",
				"parent": "tent6",
				"pivot": [2.75, 5.5, 1],
				"rotation": [12.5, 0, 0],
				"cubes": [
					{"origin": [2, 1.5, 1], "size": [1, 4, 1], "uv": [60, 22], "mirror": true},
					{"origin": [2.5, 1.5, 0.5], "size": [1, 4, 1], "uv": [60, 27], "mirror": true}
				]
			},
			{
				"name": "tent7",
				"parent": "tentleft",
				"pivot": [2.75, 9.5, -1.5],
				"rotation": [10, 0, 0],
				"cubes": [
					{"origin": [2, 5.5, -1.5], "size": [1, 4, 1], "uv": [60, 5], "mirror": true},
					{"origin": [2.5, 5.5, -2], "size": [1, 4, 1], "uv": [60, 10], "mirror": true}
				]
			},
			{
				"name": "tentm7",
				"parent": "tent7",
				"pivot": [2.75, 5.5, -1.5],
				"rotation": [10, 0, 0],
				"cubes": [
					{"origin": [2, 1.5, -1.5], "size": [1, 4, 1], "uv": [60, 22], "mirror": true},
					{"origin": [2.5, 1.5, -2], "size": [1, 4, 1], "uv": [60, 27], "mirror": true}
				]
			},
			{
				"name": "tent8",
				"parent": "tentleft",
				"pivot": [1.75, 9.5, -3],
				"rotation": [5, 0, 0],
				"cubes": [
					{"origin": [1, 5.5, -3], "size": [1, 4, 1], "uv": [60, 5], "mirror": true},
					{"origin": [1.5, 5.5, -3.5], "size": [1, 4, 1], "uv": [60, 10], "mirror": true}
				]
			},
			{
				"name": "tentm8",
				"parent": "tent8",
				"pivot": [1.75, 5.5, -3],
				"rotation": [5, 0, 0],
				"cubes": [
					{"origin": [1, 1.5, -3], "size": [1, 4, 1], "uv": [60, 22], "mirror": true},
					{"origin": [1.5, 1.5, -3.5], "size": [1, 4, 1], "uv": [60, 27], "mirror": true}
				]
			},
			{
				"name": "ghastflappers",
				"parent": "ghat",
				"pivot": [0, 8.35, 0]
			},
			{
				"name": "ghastshade",
				"parent": "ghastflappers",
				"pivot": [0, -10.65, 0]
			},
			{
				"name": "shadefront",
				"parent": "ghastshade",
				"pivot": [3, 9.6, -2.75],
				"cubes": [
					{"origin": [-3, 9.1, -5.75], "size": [6, 1, 3], "uv": [40, 22]},
					{"origin": [-3, 9.6, -5.75], "size": [6, 1, 3], "uv": [40, 26]}
				]
			},
			{
				"name": "shadeback",
				"parent": "ghastshade",
				"pivot": [3, 9.6, 2.75],
				"cubes": [
					{"origin": [-3, 9.1, 2.75], "size": [6, 1, 3], "uv": [40, 22]},
					{"origin": [-3, 9.6, 2.75], "size": [6, 1, 3], "uv": [40, 26]}
				]
			},
			{
				"name": "ghastshade2",
				"parent": "ghastflappers",
				"pivot": [0, -10.65, 0],
				"rotation": [0, 90, 0]
			},
			{
				"name": "shaderight",
				"parent": "ghastshade2",
				"pivot": [3, 9.6, -2.75],
				"cubes": [
					{"origin": [-3, 9.1, -5.75], "size": [6, 1, 3], "uv": [40, 22]},
					{"origin": [-3, 9.6, -5.75], "size": [6, 1, 3], "uv": [40, 26]}
				]
			},
			{
				"name": "shadeleft",
				"parent": "ghastshade2",
				"pivot": [3, 9.6, 2.75],
				"cubes": [
					{"origin": [-3, 9.1, 2.75], "size": [6, 1, 3], "uv": [40, 22]},
					{"origin": [-3, 9.6, 2.75], "size": [6, 1, 3], "uv": [40, 26]}
				]
			},
			{
				"name": "body2",
				"parent": "player",
				"pivot": [0, 8, 0],
				"rotation": [45, 0, 0],
				"cubes": [
					{"origin": [-1, 5, -0.5], "size": [2, 3, 1], "uv": [4, 8], "inflate": 0.0778},
					{"origin": [-1, 5, -0.5], "size": [2, 3, 1], "uv": [4, 4]}
				]
			},
			{
				"name": "boobs",
				"parent": "body2",
				"pivot": [0, 7.8, -0.5],
				"rotation": [45, 0, 0],
				"cubes": [
					{"origin": [-1, 6.8, -1.5], "size": [2, 1, 1], "uv": [0, 24], "inflate": 0.078},
					{"origin": [-1, 6.8, -1.5], "size": [2, 1, 1], "uv": [0, 21]}
				]
			},
			{
				"name": "right_leg",
				"parent": "body2",
				"pivot": [-0.5, 5, 0],
				"rotation": [22.5, 0, 0],
				"cubes": [
					{"origin": [-1, 2, -0.5], "size": [1, 3, 1], "uv": [0, 4]},
					{"origin": [-1, 2, -0.5], "size": [1, 3, 1], "uv": [0, 8], "inflate": 0.0775}
				]
			},
			{
				"name": "left_leg",
				"parent": "body2",
				"pivot": [0.5, 5, 0],
				"rotation": [20, 0, 0],
				"cubes": [
					{"origin": [0, 2, -0.5], "size": [1, 3, 1], "uv": [4, 12]},
					{"origin": [0, 2, -0.5], "size": [1, 3, 1], "uv": [0, 12], "inflate": 0.0775}
				]
			},
			{
				"name": "right_arm",
				"parent": "body2",
				"pivot": [-1.25, 7.5, 0],
				"rotation": [-15, 0, 0],
				"cubes": [
					{"origin": [-2, 5, -0.5], "size": [1, 3, 1], "uv": [10, 8], "inflate": 0.0775},
					{"origin": [-1.75, 5, -0.5], "size": [1, 3, 1], "uv": [14, 8], "inflate": 0.0775},
					{"origin": [-2, 5, -0.5], "size": [1, 3, 1], "uv": [10, 4]},
					{"origin": [-1.75, 5, -0.5], "size": [1, 3, 1], "uv": [14, 4]}
				]
			},
			{
				"name": "left_arm",
				"parent": "body2",
				"pivot": [1.25, 7.5, 0],
				"rotation": [-15, 0, 0],
				"cubes": [
					{"origin": [1, 5, -0.5], "size": [1, 3, 1], "uv": [12, 12], "inflate": 0.0775},
					{"origin": [0.75, 5, -0.5], "size": [1, 3, 1], "uv": [12, 16], "inflate": 0.0775},
					{"origin": [1, 5, -0.5], "size": [1, 3, 1], "uv": [8, 12]},
					{"origin": [0.75, 5, -0.5], "size": [1, 3, 1], "uv": [8, 16]}
				]
			},
			{
				"name": "ghast_shooting",
				"parent": "player",
				"pivot": [0, -11, 0]
			},
			{
				"name": "gunright",
				"parent": "ghast_shooting",
				"pivot": [-4, 7, 1],
				"rotation": [-90, 0, 0],
				"cubes": [
					{"origin": [-5, 4, 0], "size": [1, 3, 1], "uv": [4, 16]},
					{"origin": [-5, 4, 0], "size": [1, 3, 1], "uv": [0, 16], "inflate": 0.125}
				]
			},
			{
				"name": "gunleft",
				"parent": "ghast_shooting",
				"pivot": [4, 7, 1],
				"rotation": [-90, 0, 0]
			},
			{
				"name": "body_sub_2",
				"parent": "gunleft",
				"pivot": [4, 7, 1],
				"mirror": true,
				"cubes": [
					{"origin": [4, 4, 0], "size": [1, 3, 1], "uv": [4, 16]},
					{"origin": [4, 4, 0], "size": [1, 3, 1], "uv": [0, 16], "inflate": 0.125}
				]
			},
			{
				"name": "tentacles_0",
				"parent": "body",
				"pivot": [-3.8, 1, -5]
			},
			{
				"name": "tentacles_1",
				"parent": "body",
				"pivot": [1.3, 1, -5]
			},
			{
				"name": "tentacles_2",
				"parent": "body",
				"pivot": [6.3, 1, -5]
			},
			{
				"name": "tentacles_3",
				"parent": "body",
				"pivot": [-6.3, 1, 0]
			},
			{
				"name": "tentacles_4",
				"parent": "body",
				"pivot": [-1.3, 1, 0]
			},
			{
				"name": "tentacles_5",
				"parent": "body",
				"pivot": [3.8, 1, 0]
			},
			{
				"name": "tentacles_6",
				"parent": "body",
				"pivot": [-3.8, 1, 5]
			},
			{
				"name": "tentacles_7",
				"parent": "body",
				"pivot": [1.3, 1, 5]
			},
			{
				"name": "tentacles_8",
				"parent": "body",
				"pivot": [6.3, 1, 5]
			}
		]
	}
}