{
	"format_version": "1.10.0",
	"geometry.ghast": {
		"texturewidth": 128,
		"textureheight": 128,
		"visible_bounds_width": 6,
		"visible_bounds_height": 10,
		"visible_bounds_offset": [0, 4, 0],
		"bones": [
			{
				"name": "body",
				"pivot": [0, 8, 0]
			},
			{
				"name": "not_a_space_cat_alien",
				"parent": "body",
				"pivot": [0, 12, 3]
			},
			{
				"name": "left_tenticles",
				"parent": "not_a_space_cat_alien",
				"pivot": [0, -1, 3]
			},
			{
				"name": "left_ft",
				"parent": "left_tenticles",
				"pivot": [3, 13, 1]
			},
			{
				"name": "left_fronttent",
				"parent": "left_ft",
				"pivot": [4, 13, 1],
				"rotation": [-60, 0, 0],
				"cubes": [
					{"origin": [2.5, 12, 1], "size": [2, 2, 7], "uv": [13, 49]}
				]
			},
			{
				"name": "left_fronttentoe",
				"parent": "left_fronttent",
				"pivot": [3.5, 12.5, 8],
				"rotation": [15, 0, 0],
				"cubes": [
					{"origin": [3, 12.5, 8], "size": [1, 1, 7], "uv": [33, 52]}
				]
			},
			{
				"name": "left_fronttenttoe2",
				"parent": "left_fronttentoe",
				"pivot": [3.5, 12.5, 15],
				"rotation": [15, 0, 0],
				"cubes": [
					{"origin": [3, 12.5, 15], "size": [1, 1, 7], "uv": [51, 45]}
				]
			},
			{
				"name": "left_fronttenttoe_in",
				"parent": "left_fronttenttoe2",
				"pivot": [3.5, 12.5, 22],
				"rotation": [15, 0, 0],
				"cubes": [
					{"origin": [3, 12.5, 22], "size": [1, 1, 7], "uv": [24, 51]}
				]
			},
			{
				"name": "left_fronttenttoe_in2",
				"parent": "left_fronttenttoe_in",
				"pivot": [3.5, 12.5, 29],
				"rotation": [15, 0, 0],
				"cubes": [
					{"origin": [3, 12.5, 29], "size": [1, 1, 7], "uv": [51, 0]}
				]
			},
			{
				"name": "left_ft_a",
				"parent": "left_tenticles",
				"pivot": [2, 13, 2]
			},
			{
				"name": "left_fronttent_a",
				"parent": "left_ft_a",
				"pivot": [2, 13, 2],
				"rotation": [-40, 0, 0],
				"cubes": [
					{"origin": [0.5, 12, 2], "size": [2, 2, 7], "uv": [13, 49]}
				]
			},
			{
				"name": "left_fronttentoe_a",
				"parent": "left_fronttent_a",
				"pivot": [1.5, 12.5, 9],
				"rotation": [15, 0, 0],
				"cubes": [
					{"origin": [1, 12.5, 9], "size": [1, 1, 7], "uv": [33, 52]}
				]
			},
			{
				"name": "left_fronttenttoe_a2",
				"parent": "left_fronttentoe_a",
				"pivot": [1.5, 12.5, 16],
				"rotation": [15, 0, 0],
				"cubes": [
					{"origin": [1, 12.5, 16], "size": [1, 1, 7], "uv": [51, 45]}
				]
			},
			{
				"name": "left_fronttenttoe_in_a",
				"parent": "left_fronttenttoe_a2",
				"pivot": [1.5, 12.5, 23],
				"rotation": [7.5, 0, 0],
				"cubes": [
					{"origin": [1, 12.5, 23], "size": [1, 1, 7], "uv": [24, 51]}
				]
			},
			{
				"name": "left_fronttenttoe_in_a2",
				"parent": "left_fronttenttoe_in_a",
				"pivot": [1.5, 12.5, 30],
				"rotation": [5, 0, 0],
				"cubes": [
					{"origin": [1, 12.5, 30], "size": [1, 1, 7], "uv": [51, 0]}
				]
			},
			{
				"name": "left_ft_b",
				"parent": "left_tenticles",
				"pivot": [3, 13, 3]
			},
			{
				"name": "left_fronttent_b",
				"parent": "left_ft_b",
				"pivot": [3, 13, 3],
				"rotation": [-17.5, 0, 0],
				"cubes": [
					{"origin": [1.5, 12, 3], "size": [2, 2, 7], "uv": [13, 49]}
				]
			},
			{
				"name": "left_fronttentoe_b",
				"parent": "left_fronttent_b",
				"pivot": [2.5, 12.5, 10],
				"rotation": [10, 0, 0],
				"cubes": [
					{"origin": [2, 12.5, 10], "size": [1, 1, 7], "uv": [33, 52]}
				]
			},
			{
				"name": "left_fronttenttoe_b2",
				"parent": "left_fronttentoe_b",
				"pivot": [2.5, 12.5, 17],
				"rotation": [5, 0, 0],
				"cubes": [
					{"origin": [2, 12.5, 17], "size": [1, 1, 7], "uv": [51, 45]}
				]
			},
			{
				"name": "left_fronttenttoe_in_b",
				"parent": "left_fronttenttoe_b2",
				"pivot": [2.5, 12.5, 24],
				"rotation": [5, 0, 0],
				"cubes": [
					{"origin": [2, 12.5, 24], "size": [1, 1, 7], "uv": [24, 51]}
				]
			},
			{
				"name": "left_fronttenttoe_in_b2",
				"parent": "left_fronttenttoe_in_b",
				"pivot": [2.5, 12.5, 31],
				"rotation": [5, 0, 0],
				"cubes": [
					{"origin": [2, 12.5, 31], "size": [1, 1, 7], "uv": [51, 0]}
				]
			},
			{
				"name": "right_tenticles",
				"parent": "not_a_space_cat_alien",
				"pivot": [0, -1, 3]
			},
			{
				"name": "right_ft",
				"parent": "right_tenticles",
				"pivot": [-3, 13, 1]
			},
			{
				"name": "right_fronttent",
				"parent": "right_ft",
				"pivot": [-4, 13, 1],
				"rotation": [-60, 0, 0],
				"mirror": true,
				"cubes": [
					{"origin": [-4.5, 12, 1], "size": [2, 2, 7], "uv": [13, 49]}
				]
			},
			{
				"name": "right_fronttentoe",
				"parent": "right_fronttent",
				"pivot": [-3.5, 12.5, 8],
				"rotation": [15, 0, 0],
				"mirror": true,
				"cubes": [
					{"origin": [-4, 12.5, 8], "size": [1, 1, 7], "uv": [33, 52]}
				]
			},
			{
				"name": "right_fronttenttoe2",
				"parent": "right_fronttentoe",
				"pivot": [-3.5, 12.5, 15],
				"rotation": [15, 0, 0],
				"mirror": true,
				"cubes": [
					{"origin": [-4, 12.5, 15], "size": [1, 1, 7], "uv": [51, 45]}
				]
			},
			{
				"name": "right_fronttenttoe_in",
				"parent": "right_fronttenttoe2",
				"pivot": [-3.5, 12.5, 22],
				"rotation": [15, 0, 0],
				"mirror": true,
				"cubes": [
					{"origin": [-4, 12.5, 22], "size": [1, 1, 7], "uv": [24, 51]}
				]
			},
			{
				"name": "right_fronttenttoe_in2",
				"parent": "right_fronttenttoe_in",
				"pivot": [-3.5, 12.5, 29],
				"rotation": [15, 0, 0],
				"mirror": true,
				"cubes": [
					{"origin": [-4, 12.5, 29], "size": [1, 1, 7], "uv": [51, 0]}
				]
			},
			{
				"name": "right_ft_a",
				"parent": "right_tenticles",
				"pivot": [-2, 13, 2]
			},
			{
				"name": "right_fronttent_a",
				"parent": "right_ft_a",
				"pivot": [-2, 13, 2],
				"rotation": [-40, 0, 0],
				"mirror": true,
				"cubes": [
					{"origin": [-2.5, 12, 2], "size": [2, 2, 7], "uv": [13, 49]}
				]
			},
			{
				"name": "right_fronttentoe_a",
				"parent": "right_fronttent_a",
				"pivot": [-1.5, 12.5, 9],
				"rotation": [15, 0, 0],
				"mirror": true,
				"cubes": [
					{"origin": [-2, 12.5, 9], "size": [1, 1, 7], "uv": [33, 52]}
				]
			},
			{
				"name": "right_fronttenttoe_a2",
				"parent": "right_fronttentoe_a",
				"pivot": [-1.5, 12.5, 16],
				"rotation": [15, 0, 0],
				"mirror": true,
				"cubes": [
					{"origin": [-2, 12.5, 16], "size": [1, 1, 7], "uv": [51, 45]}
				]
			},
			{
				"name": "right_fronttenttoe_in_a",
				"parent": "right_fronttenttoe_a2",
				"pivot": [-1.5, 12.5, 23],
				"rotation": [7.5, 0, 0],
				"mirror": true,
				"cubes": [
					{"origin": [-2, 12.5, 23], "size": [1, 1, 7], "uv": [24, 51]}
				]
			},
			{
				"name": "right_fronttenttoe_in_a2",
				"parent": "right_fronttenttoe_in_a",
				"pivot": [-1.5, 12.5, 30],
				"rotation": [5, 0, 0],
				"mirror": true,
				"cubes": [
					{"origin": [-2, 12.5, 30], "size": [1, 1, 7], "uv": [51, 0]}
				]
			},
			{
				"name": "right_ft_b",
				"parent": "right_tenticles",
				"pivot": [-3, 13, 3]
			},
			{
				"name": "right_fronttent_b",
				"parent": "right_ft_b",
				"pivot": [-3, 13, 3],
				"rotation": [-17.5, 0, 0],
				"mirror": true,
				"cubes": [
					{"origin": [-3.5, 12, 3], "size": [2, 2, 7], "uv": [13, 49]}
				]
			},
			{
				"name": "right_fronttentoe_b",
				"parent": "right_fronttent_b",
				"pivot": [-2.5, 12.5, 10],
				"rotation": [10, 0, 0],
				"mirror": true,
				"cubes": [
					{"origin": [-3, 12.5, 10], "size": [1, 1, 7], "uv": [33, 52]}
				]
			},
			{
				"name": "right_fronttenttoe_b2",
				"parent": "right_fronttentoe_b",
				"pivot": [-2.5, 12.5, 17],
				"rotation": [5, 0, 0],
				"mirror": true,
				"cubes": [
					{"origin": [-3, 12.5, 17], "size": [1, 1, 7], "uv": [51, 45]}
				]
			},
			{
				"name": "right_fronttenttoe_in_b",
				"parent": "right_fronttenttoe_b2",
				"pivot": [-2.5, 12.5, 24],
				"rotation": [5, 0, 0],
				"mirror": true,
				"cubes": [
					{"origin": [-3, 12.5, 24], "size": [1, 1, 7], "uv": [24, 51]}
				]
			},
			{
				"name": "right_fronttenttoe_in_b2",
				"parent": "right_fronttenttoe_in_b",
				"pivot": [-2.5, 12.5, 31],
				"rotation": [5, 0, 0],
				"mirror": true,
				"cubes": [
					{"origin": [-3, 12.5, 31], "size": [1, 1, 7], "uv": [51, 0]}
				]
			},
			{
				"name": "not_space_meow",
				"parent": "not_a_space_cat_alien",
				"pivot": [0, 12, 3],
				"cubes": [
					{"origin": [-1, 15.93955, 1.09962], "size": [2, 6, 11], "uv": [19, 24]},
					{"origin": [-1.5, 18.30655, 2.64276], "size": [3, 5, 8], "uv": [37, 0]},
					{"origin": [-2, 11.93955, -0.90038], "size": [4, 3, 6], "uv": [38, 43]},
					{"origin": [-1, 11.93955, -7.90038], "size": [2, 5, 2], "uv": [0, 0]},
					{"origin": [-1, 10.93955, -5.90038], "size": [2, 1, 8], "uv": [0, 44]}
				]
			},
			{
				"name": "wig",
				"parent": "not_space_meow",
				"pivot": [1, 13, 2],
				"cubes": [
					{"origin": [-6.75058, 13, -2.07194], "size": [5, 2, 8], "uv": [34, 24]}
				]
			},
			{
				"name": "bone2",
				"parent": "wig",
				"pivot": [0, 14, -6],
				"rotation": [0, -20, 0],
				"cubes": [
					{"origin": [-5, 13, -6], "size": [6, 2, 6], "uv": [20, 41]},
					{"origin": [-5.5, 13.5, -7], "size": [5, 1, 6], "uv": [48, 13]}
				]
			},
			{
				"name": "wig2",
				"parent": "not_space_meow",
				"pivot": [-1, 13, 2],
				"cubes": [
					{"origin": [1.75058, 13, -2.07194], "size": [5, 2, 8], "uv": [0, 34]}
				]
			},
			{
				"name": "bone4",
				"parent": "wig2",
				"pivot": [0, 14, -6],
				"rotation": [0, 20, 0],
				"cubes": [
					{"origin": [-1, 13, -6], "size": [6, 2, 6], "uv": [39, 35]},
					{"origin": [-0.5, 13.5, -7], "size": [6, 1, 6], "uv": [19, 0]}
				]
			},
			{
				"name": "bone3",
				"parent": "not_space_meow",
				"pivot": [0, 12, 3]
			},
			{
				"name": "bone",
				"parent": "bone3",
				"pivot": [0, 12, -5],
				"rotation": [27.5, 0, 0],
				"cubes": [
					{"origin": [-2, 11, -5], "size": [4, 7, 11], "uv": [0, 0]},
					{"origin": [-2, 11, -7], "size": [4, 3, 5], "uv": [0, 60]},
					{"origin": [-1.5, 12.5, -4], "size": [3, 6, 11], "uv": [20, 7]},
					{"origin": [-2.5, 10, -3], "size": [5, 6, 10], "uv": [0, 18]}
				]
			},
			{
				"name": "finies",
				"parent": "not_space_meow",
				"pivot": [0, 12, 3]
			},
			{
				"name": "bone6",
				"parent": "finies",
				"pivot": [-2, 12, -6],
				"rotation": [0, 30, -35],
				"cubes": [
					{"origin": [-5, 10, -6], "size": [3, 2, 1], "uv": [0, 18]}
				]
			},
			{
				"name": "bone7",
				"parent": "finies",
				"pivot": [2, 12, -6],
				"rotation": [0, -30, 35],
				"mirror": true,
				"cubes": [
					{"origin": [2, 10, -6], "size": [3, 2, 1], "uv": [0, 18]}
				]
			},
			{
				"name": "bone5",
				"parent": "finies",
				"pivot": [-2, 13, -5],
				"rotation": [0, 35, -10],
				"cubes": [
					{"origin": [-5, 11, -5], "size": [3, 2, 1], "uv": [0, 21]}
				]
			},
			{
				"name": "bone8",
				"parent": "finies",
				"pivot": [2, 13, -5],
				"rotation": [0, -35, 10],
				"mirror": true,
				"cubes": [
					{"origin": [2, 11, -5], "size": [3, 2, 1], "uv": [0, 21]}
				]
			},
			{
				"name": "notcatearsleft",
				"parent": "not_space_meow",
				"pivot": [-2, 15, -6.5],
				"rotation": [-30, 30, 0],
				"cubes": [
					{"origin": [-4, 15, -6.5], "size": [2, 2, 1], "uv": [13, 62]}
				]
			},
			{
				"name": "notcatearsright",
				"parent": "not_space_meow",
				"pivot": [2, 15, -6.5],
				"rotation": [-30, -30, 0],
				"mirror": true,
				"cubes": [
					{"origin": [2, 15, -6.5], "size": [2, 2, 1], "uv": [13, 62]}
				]
			},
			{
				"name": "left_h",
				"parent": "not_a_space_cat_alien",
				"pivot": [1.5, 11.5, -3.5]
			},
			{
				"name": "left_hand",
				"parent": "left_h",
				"pivot": [1.5, 11.5, -3.5],
				"rotation": [-85, 0, 0],
				"cubes": [
					{"origin": [1, 11, -3.5], "size": [1, 1, 7], "uv": [51, 45]}
				]
			},
			{
				"name": "left_hand2",
				"parent": "left_hand",
				"pivot": [1.5, 11, 3.5],
				"rotation": [15, 0, 0],
				"cubes": [
					{"origin": [1, 11, 3.5], "size": [1, 1, 7], "uv": [24, 51]}
				]
			},
			{
				"name": "left_hand3",
				"parent": "left_hand2",
				"pivot": [1.5, 11, 10.5],
				"rotation": [15, 0, 0],
				"cubes": [
					{"origin": [1, 11, 10.5], "size": [1, 1, 7], "uv": [51, 0]}
				]
			},
			{
				"name": "right_h",
				"parent": "not_a_space_cat_alien",
				"pivot": [-1.5, 11.5, -3.5]
			},
			{
				"name": "right_hand",
				"parent": "right_h",
				"pivot": [-1.5, 11.5, -3.5],
				"rotation": [-85, 0, 0],
				"mirror": true,
				"cubes": [
					{"origin": [-2, 11, -3.5], "size": [1, 1, 7], "uv": [51, 45]}
				]
			},
			{
				"name": "right_hand2",
				"parent": "right_hand",
				"pivot": [-1.5, 11, 3.5],
				"rotation": [15, 0, 0],
				"mirror": true,
				"cubes": [
					{"origin": [-2, 11, 3.5], "size": [1, 1, 7], "uv": [24, 51]}
				]
			},
			{
				"name": "right_hand3",
				"parent": "right_hand2",
				"pivot": [-1.5, 11, 10.5],
				"rotation": [15, 0, 0],
				"mirror": true,
				"cubes": [
					{"origin": [-2, 11, 10.5], "size": [1, 1, 7], "uv": [51, 0]}
				]
			},
			{
				"name": "tentacles_0",
				"parent": "body",
				"pivot": [-3.8, 1, -5]
			},
			{
				"name": "tentacles_1",
				"parent": "body",
				"pivot": [1.3, 1, -5]
			},
			{
				"name": "tentacles_2",
				"parent": "body",
				"pivot": [6.3, 1, -5]
			},
			{
				"name": "tentacles_3",
				"parent": "body",
				"pivot": [-6.3, 1, 0]
			},
			{
				"name": "tentacles_4",
				"parent": "body",
				"pivot": [-1.3, 1, 0]
			},
			{
				"name": "tentacles_5",
				"parent": "body",
				"pivot": [3.8, 1, 0]
			},
			{
				"name": "tentacles_6",
				"parent": "body",
				"pivot": [-3.8, 1, 5]
			},
			{
				"name": "tentacles_7",
				"parent": "body",
				"pivot": [1.3, 1, 5]
			},
			{
				"name": "tentacles_8",
				"parent": "body",
				"pivot": [6.3, 1, 5]
			}
		]
	}
}