{
	"format_version" : "1.8.0",
	"animations" : {
		"animation.ghast.move" : {
			"loop" : true,
			"bones" : {
		"left_fronttent": {
			"rotation": [ "(math.cos(query.life_time * 50.0) * 4.0) + 4.0", 0.0 , 0.0 ]
		},
		"left_fronttentoe": {
			"rotation": [ "(math.cos(query.life_time * 50.0) * 4.0) + 4.0", 0.0 , 0.0 ]
		},
		"left_fronttenttoe2": {
			"rotation": [ "(math.cos(query.life_time * 50.0) * 4.0) + 4.0", 0.0 , 0.0 ]
		},
		"left_fronttenttoe_in": {
			"rotation": [ "(math.cos(query.life_time * 50.0) * 4.0) + 4.0", 0.0 , 0.0 ]
		},
		"left_fronttenttoe_in2": {
			"rotation": [ "(math.cos(query.life_time * 50.0) * 4.0) + 4.0", 0.0 , 0.0 ]
		},
		"right_fronttent": {
			"rotation": [ "(math.cos(query.life_time * 50.0) * 4.0) + 4.0", 0.0 , 0.0 ]
		},
		"right_fronttentoe": {
			"rotation": [ "(math.cos(query.life_time * 50.0) * 4.0) + 4.0", 0.0 , 0.0 ]
		},
		"right_fronttenttoe2": {
			"rotation": [ "(math.cos(query.life_time * 50.0) * 4.0) + 4.0", 0.0 , 0.0 ]
		},
		"right_fronttenttoe_in": {
			"rotation": [ "(math.cos(query.life_time * 50.0) * 4.0) + 4.0", 0.0 , 0.0 ]
		},
		"right_fronttenttoe_in2": {
			"rotation": [ "(math.cos(query.life_time * 50.0) * 4.0) + 4.0", 0.0 , 0.0 ]
		},
        

		"upperbody": {
			"rotation": [ " (math.cos(query.life_time * 50.0) * 4.0) + 2.0", 0.0 , 0.0 ]
		},
		"lowerbody": {
			"rotation": [ " (math.cos(query.life_time * 50.0) * 4.0) + 2.0", 0.0 , 0.0 ]
		},
		"assleft": {
			"rotation": [ " (math.cos(query.life_time * 50.0) * 4.0) + 1.0", 0.0 , 0.0 ]
		},
		"assright": {
			"rotation": [ " (math.cos(query.life_time * 50.0) * 4.0) + 1.0", 0.0 , 0.0 ]
		},





		"right_ft_a": {
			"rotation": [ 0.0 , 0.0 , "-((math.cos(query.life_time * 50.0) * 4.0) + 1.0)" ]
		},
		"right_fronttentoe_a": {
			"rotation": [ 0.0 , 0.0 , "-((math.cos(query.life_time * 50.0) * 4.0) + 1.0)" ]
		},
		"right_fronttenttoe_a2": {
			"rotation": [ 0.0 , 0.0 , "-((math.cos(query.life_time * 50.0) * 4.0) + 1.0)" ]
		},
		"right_fronttenttoe_in_a": {
			"rotation": [ 0.0 , 0.0 , "-((math.cos(query.life_time * 50.0) * 4.0) + 1.0)" ]
		},
		"right_fronttenttoe_in_a2": {
			"rotation": [ 0.0 , 0.0 , "-((math.cos(query.life_time * 50.0) * 4.0) + 1.0)" ]
		},
        
        
		"left_ft_a": {
			"rotation": [ 0.0 , 0.0 , "(math.cos(query.life_time * 50.0) * 4.0) + 1.0" ]
		},
		"left_fronttentoe_a": {
			"rotation": [ 0.0 , 0.0 , "(math.cos(query.life_time * 50.0) * 4.0) + 1.0" ]
		},
		"left_fronttenttoe_a2": {
			"rotation": [ 0.0 , 0.0 , "(math.cos(query.life_time * 50.0) * 4.0) + 1.0" ]
		},
		"left_fronttenttoe_in_a": {
			"rotation": [ 0.0 , 0.0 , "(math.cos(query.life_time * 50.0) * 4.0) + 1.0" ]
		},
		"left_fronttenttoe_in_a2": {
			"rotation": [ 0.0 , 0.0 , "(math.cos(query.life_time * 50.0) * 4.0) + 1.0" ]
		},




		"left_ft_b": {
			"rotation": [ " (math.cos(query.life_time * 50.0) * 4.0) + 1.0", 0.0 , 0.0 ]
		},
		"left_fronttentoe_b": {
			"rotation": [ " (math.cos(query.life_time * 50.0) * 4.0) + 1.0", 0.0 , 0.0 ]
		},
		"left_fronttenttoe_b2": {
			"rotation": [ " (math.cos(query.life_time * 50.0) * 4.0) + 1.0", 0.0 , 0.0 ]
		},
		"left_fronttenttoe_in_b": {
			"rotation": [ " (math.cos(query.life_time * 50.0) * 4.0) + 1.0", 0.0 , 0.0 ]
		},
		"left_fronttenttoe_in_b2": {
			"rotation": [ " (math.cos(query.life_time * 50.0) * 4.0) + 1.0", 0.0 , 0.0 ]
		},
		"right_ft_b": {
			"rotation": [ " (math.cos(query.life_time * 50.0) * 4.0) + 1.0", 0.0 , 0.0 ]
		},
		"right_fronttentoe_b": {
			"rotation": [ " (math.cos(query.life_time * 50.0) * 4.0) + 1.0", 0.0 , 0.0 ]
		},
		"right_fronttenttoe_b2": {
			"rotation": [ " (math.cos(query.life_time * 50.0) * 4.0) + 1.0", 0.0 , 0.0 ]
		},
		"right_fronttenttoe_in_b": {
			"rotation": [ " (math.cos(query.life_time * 50.0) * 4.0) + 1.0", 0.0 , 0.0 ]
		},
		"right_fronttenttoe_in_b2": {
			"rotation": [ " (math.cos(query.life_time * 50.0) * 4.0) + 1.0", 0.0 , 0.0 ]
		
                }
			}
		},
		"animation.ghast.scale" : {
			"loop" : true,
			"bones" : {
				"body" : {
					"scale" : 3.4
				}
			}
		}
	}
}