{
	"format_version" : "1.8.0",
	"animations" : {
		"animation.ghast.move" : {
			"loop" : true,
			"bones" : {
		"tent1": {
			"rotation": [ "(math.cos(query.life_time * 50.0) * 5.0) + 5.0", 0.0 , 0.0 ]
		},
		"tentm1": {
			"rotation": [ "(math.cos(query.life_time * 50.0) * 5.0) + 5.0", 0.0 , 0.0 ]
		},
		"tent2": {
			"rotation": [ "(math.cos(query.life_time * 50.0) * 5.0) + 5.0", 0.0 , 0.0 ]
		},
		"tentm2": {
			"rotation": [ "(math.cos(query.life_time * 50.0) * 5.0) + 5.0", 0.0 , 0.0 ]
		},
		"tent3": {
			"rotation": [ "(math.cos(query.life_time * 50.0) * 5.0) + 5.0", 0.0 , 0.0 ]
		},
		"tentm3": {
			"rotation": [ "(math.cos(query.life_time * 50.0) * 5.0) + 5.0", 0.0 , 0.0 ]
		},
		"tent4": {
			"rotation": [ "(math.cos(query.life_time * 50.0) * 5.0) + 5.0", 0.0 , 0.0 ]
		},
		"tentm4": {
			"rotation": [ "(math.cos(query.life_time * 50.0) * 5.0) + 5.0", 0.0 , 0.0 ]
		},
		"tent5": {
			"rotation": [ "(math.cos(query.life_time * 50.0) * 5.0) + 5.0", 0.0 , 0.0 ]
		},
		"tentm5": {
			"rotation": [ "(math.cos(query.life_time * 50.0) * 5.0) + 5.0", 0.0 , 0.0 ]
		},
		"tent6": {
			"rotation": [ "(math.cos(query.life_time * 50.0) * 5.0) + 5.0", 0.0 , 0.0 ]
		},
		"tentm6": {
			"rotation": [ "(math.cos(query.life_time * 50.0) * 5.0) + 5.0", 0.0 , 0.0 ]
		},
		"tent7": {
			"rotation": [ "(math.cos(query.life_time * 50.0) * 5.0) + 5.0", 0.0 , 0.0 ]
		},
		"tentm7": {
			"rotation": [ "(math.cos(query.life_time * 50.0) * 5.0) + 5.0", 0.0 , 0.0 ]
		},
		"tent8": {
			"rotation": [ "(math.cos(query.life_time * 50.0) * 5.0) + 5.0", 0.0 , 0.0 ]
		},
		"tentm8": {
			"rotation": [ "(math.cos(query.life_time * 50.0) * 5.0) + 5.0", 0.0 , 0.0 ]
		},
		"body2": {
			"rotation": [ "(math.cos(query.life_time * 50.0) * 5.0) + 5.0", 0.0 , 0.0 ]
		},
		"left_arm": {
			"rotation": [  0.0 , 0.0 , "(math.cos(query.life_time * 50.0) * 2.0) + 2.0" ]
		},
		"right_arm": {
			"rotation": [  0.0 , 0.0 , "-((math.cos(query.life_time * 50.0) * 2.0) + 2.0)" ]
		},
		"left_leg": {
			"rotation": [ "(math.cos(query.life_time * 50.0) * 5.0) + 5.0", 0.0 , 0.0 ]
		},
		"right_leg": {
			"rotation": [ "(math.cos(query.life_time * 50.0) * 5.0) + 5.0", 0.0 , 0.0 ]

		},
		"shadefront": {
			"rotation": [ "-(math.cos(query.life_time * 50.0) * 10.0)", 0.0 , 0.0 ]
		},
		"shadeback": {
			"rotation": [ "(math.cos(query.life_time * 50.0) * 10.0)", 0.0 , 0.0 ]
		},
		"shadeleft": {
			"rotation": [ "-(math.cos(query.life_time * 50.0) * 10.0)", 0.0 , 0.0 ]
		},
		"shaderight": {
			"rotation": [ "(math.cos(query.life_time * 50.0) * 10.0)", 0.0 , 0.0 ]
                }
			}
		},
		"animation.ghast.scale" : {
			"loop" : true,
			"bones" : {
				"body" : {
					"scale" : 4.5
				}
			}
		}
	}
}