{
	"format_version": "1.10.0",
	"geometry.ghast": {
		"texturewidth": 256,
		"textureheight": 256,
		"visible_bounds_width": 13,
		"visible_bounds_height": 10,
		"visible_bounds_offset": [0, 4, 0],
		"bones": [
			{
				"name": "body",
				"pivot": [0, 8, 0]
			},
			{
				"name": "notstartrek",
				"parent": "body",
				"pivot": [0, 3, 0],
				"cubes": [
					{"origin": [-6, 16, -6], "size": [12, 3, 12], "uv": [38, 0]},
					{"origin": [-2, 19, -2], "size": [4, 1, 4], "uv": [38, 24]},
					{"origin": [-9, 15, -2], "size": [6, 2, 8], "uv": [0, 34]},
					{"origin": [-3, 13, -3], "size": [6, 3, 8], "uv": [0, 0]},
					{"origin": [3, 15, -2], "size": [6, 2, 8], "uv": [0, 11]}
				]
			},
			{
				"name": "winders",
				"parent": "notstartrek",
				"pivot": [0, 3, 0]
			},
			{
				"name": "lfkites",
				"parent": "winders",
				"pivot": [0, 3, 0]
			},
			{
				"name": "lfkite1",
				"parent": "lfkites",
				"pivot": [0, 3, 0],
				"rotation": [0, -10, 0]
			},
			{
				"name": "kitelf1",
				"parent": "lfkite1",
				"pivot": [0, 18, -6],
				"cubes": [
					{"origin": [-2, 17, -13], "size": [4, 1, 8], "uv": [70, 36]}
				]
			},
			{
				"name": "kitelfin1",
				"parent": "kitelf1",
				"pivot": [0, 18, -13],
				"cubes": [
					{"origin": [-2, 17, -21], "size": [4, 1, 8], "uv": [70, 15]}
				]
			},
			{
				"name": "lfkite2",
				"parent": "lfkites",
				"pivot": [0, 3, 0],
				"rotation": [0, -20, 0]
			},
			{
				"name": "kitelf2",
				"parent": "lfkite2",
				"pivot": [0, 18, -6],
				"cubes": [
					{"origin": [-2, 17, -13], "size": [4, 1, 8], "uv": [40, 69]}
				]
			},
			{
				"name": "kitelfin2",
				"parent": "kitelf2",
				"pivot": [0, 18, -13],
				"cubes": [
					{"origin": [-2, 17, -21], "size": [4, 1, 8], "uv": [24, 68]}
				]
			},
			{
				"name": "lfkite3",
				"parent": "lfkites",
				"pivot": [0, 3, 0],
				"rotation": [0, -30, 0]
			},
			{
				"name": "kitelf3",
				"parent": "lfkite3",
				"pivot": [0, 18, -6],
				"cubes": [
					{"origin": [-2, 17, -13], "size": [4, 1, 8], "uv": [0, 68]}
				]
			},
			{
				"name": "kitelfin3",
				"parent": "kitelf3",
				"pivot": [0, 18, -13],
				"cubes": [
					{"origin": [-2, 17, -21], "size": [4, 1, 8], "uv": [60, 62]}
				]
			},
			{
				"name": "lfkite4",
				"parent": "lfkites",
				"pivot": [0, 3, 0],
				"rotation": [0, -40, 0]
			},
			{
				"name": "kitelf4",
				"parent": "lfkite4",
				"pivot": [0, 18, -6],
				"cubes": [
					{"origin": [-2, 17, -13], "size": [4, 1, 8], "uv": [60, 26]}
				]
			},
			{
				"name": "kitelfin4",
				"parent": "kitelf4",
				"pivot": [0, 18, -13],
				"cubes": [
					{"origin": [-2, 17, -21], "size": [4, 1, 8], "uv": [54, 53]}
				]
			},
			{
				"name": "lfkite5",
				"parent": "lfkites",
				"pivot": [0, 3, 0],
				"rotation": [0, -50, 0]
			},
			{
				"name": "kitelf5",
				"parent": "lfkite5",
				"pivot": [0, 18, -6],
				"cubes": [
					{"origin": [-2, 17, -13], "size": [4, 1, 8], "uv": [54, 44]}
				]
			},
			{
				"name": "kitelfin5",
				"parent": "kitelf5",
				"pivot": [0, 18, -13],
				"cubes": [
					{"origin": [-2, 17, -21], "size": [4, 1, 8], "uv": [54, 35]}
				]
			},
			{
				"name": "lfkite6",
				"parent": "lfkites",
				"pivot": [0, 3, 0],
				"rotation": [0, -60, 0]
			},
			{
				"name": "kitelf6",
				"parent": "lfkite6",
				"pivot": [0, 18, -6],
				"cubes": [
					{"origin": [-2, 17, -13], "size": [4, 1, 8], "uv": [54, 16]}
				]
			},
			{
				"name": "kitelfin6",
				"parent": "kitelf6",
				"pivot": [0, 18, -13],
				"cubes": [
					{"origin": [-2, 17, -21], "size": [4, 1, 8], "uv": [0, 53]}
				]
			},
			{
				"name": "lfkite7",
				"parent": "lfkites",
				"pivot": [0, 3, 0],
				"rotation": [0, -70, 0]
			},
			{
				"name": "kitelf7",
				"parent": "lfkite7",
				"pivot": [0, 18, -6],
				"cubes": [
					{"origin": [-2, 17, -13], "size": [4, 1, 8], "uv": [38, 52]}
				]
			},
			{
				"name": "kitelfin7",
				"parent": "kitelf7",
				"pivot": [0, 18, -13],
				"cubes": [
					{"origin": [-2, 17, -21], "size": [4, 1, 8], "uv": [0, 44]}
				]
			},
			{
				"name": "lfkite8",
				"parent": "lfkites",
				"pivot": [0, 3, 0],
				"rotation": [0, -80, 0]
			},
			{
				"name": "kitelf8",
				"parent": "lfkite8",
				"pivot": [0, 18, -6],
				"cubes": [
					{"origin": [-2, 17, -13], "size": [4, 1, 8], "uv": [38, 43]}
				]
			},
			{
				"name": "kitelfin8",
				"parent": "kitelf8",
				"pivot": [0, 18, -13],
				"cubes": [
					{"origin": [-2, 17, -21], "size": [4, 1, 8], "uv": [38, 34]}
				]
			},
			{
				"name": "rfkites",
				"parent": "winders",
				"pivot": [0, 3, 0],
				"rotation": [0, 90, 0]
			},
			{
				"name": "rfkite8",
				"parent": "rfkites",
				"pivot": [0, 3, 0],
				"rotation": [0, -10, 0]
			},
			{
				"name": "kiterf8",
				"parent": "rfkite8",
				"pivot": [0, 18, -6],
				"cubes": [
					{"origin": [-2, 17, -13], "size": [4, 1, 8], "uv": [104, 114]}
				]
			},
			{
				"name": "kiterfin8",
				"parent": "kiterf8",
				"pivot": [0, 18, -13],
				"cubes": [
					{"origin": [-2, 17, -21], "size": [4, 1, 8], "uv": [40, 114]}
				]
			},
			{
				"name": "rfkite7",
				"parent": "rfkites",
				"pivot": [0, 3, 0],
				"rotation": [0, -20, 0]
			},
			{
				"name": "kiterf7",
				"parent": "rfkite7",
				"pivot": [0, 18, -6],
				"cubes": [
					{"origin": [-2, 17, -13], "size": [4, 1, 8], "uv": [114, 1]}
				]
			},
			{
				"name": "kiterfin7",
				"parent": "kiterf7",
				"pivot": [0, 18, -13],
				"cubes": [
					{"origin": [-2, 17, -21], "size": [4, 1, 8], "uv": [24, 113]}
				]
			},
			{
				"name": "rfkite6",
				"parent": "rfkites",
				"pivot": [0, 3, 0],
				"rotation": [0, -30, 0]
			},
			{
				"name": "kiterf6",
				"parent": "rfkite6",
				"pivot": [0, 18, -6],
				"cubes": [
					{"origin": [-2, 17, -13], "size": [4, 1, 8], "uv": [0, 113]}
				]
			},
			{
				"name": "kiterfin6",
				"parent": "kiterf6",
				"pivot": [0, 18, -13],
				"cubes": [
					{"origin": [-2, 17, -21], "size": [4, 1, 8], "uv": [88, 109]}
				]
			},
			{
				"name": "rfkite5",
				"parent": "rfkites",
				"pivot": [0, 3, 0],
				"rotation": [0, -40, 0]
			},
			{
				"name": "kiterf5",
				"parent": "rfkite5",
				"pivot": [0, 18, -6],
				"cubes": [
					{"origin": [-2, 17, -13], "size": [4, 1, 8], "uv": [72, 108]}
				]
			},
			{
				"name": "kiterfin5",
				"parent": "kiterf5",
				"pivot": [0, 18, -13],
				"cubes": [
					{"origin": [-2, 17, -21], "size": [4, 1, 8], "uv": [108, 54]}
				]
			},
			{
				"name": "rfkite4",
				"parent": "rfkites",
				"pivot": [0, 3, 0],
				"rotation": [0, -50, 0]
			},
			{
				"name": "kiterf4",
				"parent": "rfkite4",
				"pivot": [0, 18, -6],
				"cubes": [
					{"origin": [-2, 17, -13], "size": [4, 1, 8], "uv": [108, 45]}
				]
			},
			{
				"name": "kiterfin4",
				"parent": "kiterf4",
				"pivot": [0, 18, -13],
				"cubes": [
					{"origin": [-2, 17, -21], "size": [4, 1, 8], "uv": [108, 10]}
				]
			},
			{
				"name": "rfkite3",
				"parent": "rfkites",
				"pivot": [0, 3, 0],
				"rotation": [0, -60, 0]
			},
			{
				"name": "kiterf3",
				"parent": "rfkite3",
				"pivot": [0, 18, -6],
				"cubes": [
					{"origin": [-2, 17, -13], "size": [4, 1, 8], "uv": [56, 107]}
				]
			},
			{
				"name": "kiterfin3",
				"parent": "kiterf3",
				"pivot": [0, 18, -13],
				"cubes": [
					{"origin": [-2, 17, -21], "size": [4, 1, 8], "uv": [104, 105]}
				]
			},
			{
				"name": "rfkite2",
				"parent": "rfkites",
				"pivot": [0, 3, 0],
				"rotation": [0, -70, 0]
			},
			{
				"name": "kiterf2",
				"parent": "rfkite2",
				"pivot": [0, 18, -6],
				"cubes": [
					{"origin": [-2, 17, -13], "size": [4, 1, 8], "uv": [40, 105]}
				]
			},
			{
				"name": "kiterfin2",
				"parent": "kiterf2",
				"pivot": [0, 18, -13],
				"cubes": [
					{"origin": [-2, 17, -21], "size": [4, 1, 8], "uv": [104, 96]}
				]
			},
			{
				"name": "rfkite1",
				"parent": "rfkites",
				"pivot": [0, 3, 0],
				"rotation": [0, -80, 0]
			},
			{
				"name": "kiterf1",
				"parent": "rfkite1",
				"pivot": [0, 18, -6],
				"cubes": [
					{"origin": [-2, 17, -13], "size": [4, 1, 8], "uv": [104, 87]}
				]
			},
			{
				"name": "kiterfin1",
				"parent": "kiterf1",
				"pivot": [0, 18, -13],
				"cubes": [
					{"origin": [-2, 17, -21], "size": [4, 1, 8], "uv": [104, 78]}
				]
			},
			{
				"name": "rbkites",
				"parent": "winders",
				"pivot": [0, 3, 0],
				"rotation": [0, 180, 0]
			},
			{
				"name": "rbkite8",
				"parent": "rbkites",
				"pivot": [0, 3, 0],
				"rotation": [0, -10, 0]
			},
			{
				"name": "kiterb8",
				"parent": "rbkite8",
				"pivot": [0, 18, -6],
				"cubes": [
					{"origin": [-2, 17, -13], "size": [4, 1, 8], "uv": [104, 69]}
				]
			},
			{
				"name": "kiterbin8",
				"parent": "kiterb8",
				"pivot": [0, 18, -13],
				"cubes": [
					{"origin": [-2, 17, -21], "size": [4, 1, 8], "uv": [24, 104]}
				]
			},
			{
				"name": "rbkite7",
				"parent": "rbkites",
				"pivot": [0, 3, 0],
				"rotation": [0, -20, 0]
			},
			{
				"name": "kiterb7",
				"parent": "rbkite7",
				"pivot": [0, 18, -6],
				"cubes": [
					{"origin": [-2, 17, -13], "size": [4, 1, 8], "uv": [0, 104]}
				]
			},
			{
				"name": "kiterbin7",
				"parent": "kiterb7",
				"pivot": [0, 18, -13],
				"cubes": [
					{"origin": [-2, 17, -21], "size": [4, 1, 8], "uv": [102, 36]}
				]
			},
			{
				"name": "rbkite6",
				"parent": "rbkites",
				"pivot": [0, 3, 0],
				"rotation": [0, -30, 0]
			},
			{
				"name": "kiterb6",
				"parent": "rbkite6",
				"pivot": [0, 18, -6],
				"cubes": [
					{"origin": [-2, 17, -13], "size": [4, 1, 8], "uv": [102, 27]}
				]
			},
			{
				"name": "kiterbin6",
				"parent": "kiterb6",
				"pivot": [0, 18, -13],
				"cubes": [
					{"origin": [-2, 17, -21], "size": [4, 1, 8], "uv": [88, 100]}
				]
			},
			{
				"name": "rbkite5",
				"parent": "rbkites",
				"pivot": [0, 3, 0],
				"rotation": [0, -40, 0]
			},
			{
				"name": "kiterb5",
				"parent": "rbkite5",
				"pivot": [0, 18, -6],
				"cubes": [
					{"origin": [-2, 17, -13], "size": [4, 1, 8], "uv": [72, 99]}
				]
			},
			{
				"name": "kiterbin5",
				"parent": "kiterb5",
				"pivot": [0, 18, -13],
				"cubes": [
					{"origin": [-2, 17, -21], "size": [4, 1, 8], "uv": [56, 98]}
				]
			},
			{
				"name": "rbkite4",
				"parent": "rbkites",
				"pivot": [0, 3, 0],
				"rotation": [0, -50, 0]
			},
			{
				"name": "kiterb4",
				"parent": "rbkite4",
				"pivot": [0, 18, -6],
				"cubes": [
					{"origin": [-2, 17, -13], "size": [4, 1, 8], "uv": [98, 0]}
				]
			},
			{
				"name": "kiterbin4",
				"parent": "kiterb4",
				"pivot": [0, 18, -13],
				"cubes": [
					{"origin": [-2, 17, -21], "size": [4, 1, 8], "uv": [40, 96]}
				]
			},
			{
				"name": "rbkite3",
				"parent": "rbkites",
				"pivot": [0, 3, 0],
				"rotation": [0, -60, 0]
			},
			{
				"name": "kiterb3",
				"parent": "rbkite3",
				"pivot": [0, 18, -6],
				"cubes": [
					{"origin": [-2, 17, -13], "size": [4, 1, 8], "uv": [24, 95]}
				]
			},
			{
				"name": "kiterbin3",
				"parent": "kiterb3",
				"pivot": [0, 18, -13],
				"cubes": [
					{"origin": [-2, 17, -21], "size": [4, 1, 8], "uv": [0, 95]}
				]
			},
			{
				"name": "rbkite2",
				"parent": "rbkites",
				"pivot": [0, 3, 0],
				"rotation": [0, -70, 0]
			},
			{
				"name": "kiterb2",
				"parent": "rbkite2",
				"pivot": [0, 18, -6],
				"cubes": [
					{"origin": [-2, 17, -13], "size": [4, 1, 8], "uv": [92, 60]}
				]
			},
			{
				"name": "kiterbin2",
				"parent": "kiterb2",
				"pivot": [0, 18, -13],
				"cubes": [
					{"origin": [-2, 17, -21], "size": [4, 1, 8], "uv": [92, 51]}
				]
			},
			{
				"name": "rbkite1",
				"parent": "rbkites",
				"pivot": [0, 3, 0],
				"rotation": [0, -80, 0]
			},
			{
				"name": "kiterb1",
				"parent": "rbkite1",
				"pivot": [0, 18, -6],
				"cubes": [
					{"origin": [-2, 17, -13], "size": [4, 1, 8], "uv": [92, 18]}
				]
			},
			{
				"name": "kiterbin1",
				"parent": "kiterb1",
				"pivot": [0, 18, -13],
				"cubes": [
					{"origin": [-2, 17, -21], "size": [4, 1, 8], "uv": [88, 91]}
				]
			},
			{
				"name": "lbkites",
				"parent": "winders",
				"pivot": [0, 3, 0],
				"rotation": [0, -90, 0]
			},
			{
				"name": "lbkite1",
				"parent": "lbkites",
				"pivot": [0, 3, 0],
				"rotation": [0, -10, 0]
			},
			{
				"name": "kitelb1",
				"parent": "lbkite1",
				"pivot": [0, 18, -6],
				"cubes": [
					{"origin": [-2, 17, -13], "size": [4, 1, 8], "uv": [88, 82]}
				]
			},
			{
				"name": "kitelbin1",
				"parent": "kitelb1",
				"pivot": [0, 18, -13],
				"cubes": [
					{"origin": [-2, 17, -21], "size": [4, 1, 8], "uv": [88, 73]}
				]
			},
			{
				"name": "lbkite2",
				"parent": "lbkites",
				"pivot": [0, 3, 0],
				"rotation": [0, -20, 0]
			},
			{
				"name": "kitelb2",
				"parent": "lbkite2",
				"pivot": [0, 18, -6],
				"cubes": [
					{"origin": [-2, 17, -13], "size": [4, 1, 8], "uv": [40, 87]}
				]
			},
			{
				"name": "kitelbin2",
				"parent": "kitelb2",
				"pivot": [0, 18, -13],
				"cubes": [
					{"origin": [-2, 17, -21], "size": [4, 1, 8], "uv": [86, 42]}
				]
			},
			{
				"name": "lbkite3",
				"parent": "lbkites",
				"pivot": [0, 3, 0],
				"rotation": [0, -30, 0]
			},
			{
				"name": "kitelb3",
				"parent": "lbkite3",
				"pivot": [0, 18, -6],
				"cubes": [
					{"origin": [-2, 17, -13], "size": [4, 1, 8], "uv": [86, 33]}
				]
			},
			{
				"name": "kitelbin3",
				"parent": "kitelb3",
				"pivot": [0, 18, -13],
				"cubes": [
					{"origin": [-2, 17, -21], "size": [4, 1, 8], "uv": [24, 86]}
				]
			},
			{
				"name": "lbkite4",
				"parent": "lbkites",
				"pivot": [0, 3, 0],
				"rotation": [0, -40, 0]
			},
			{
				"name": "kitelb4",
				"parent": "lbkite4",
				"pivot": [0, 18, -6],
				"cubes": [
					{"origin": [-2, 17, -13], "size": [4, 1, 8], "uv": [86, 9]}
				]
			},
			{
				"name": "kitelbin4",
				"parent": "kitelb4",
				"pivot": [0, 18, -13],
				"cubes": [
					{"origin": [-2, 17, -21], "size": [4, 1, 8], "uv": [0, 86]}
				]
			},
			{
				"name": "lbkite5",
				"parent": "lbkites",
				"pivot": [0, 3, 0],
				"rotation": [0, -50, 0]
			},
			{
				"name": "kitelb5",
				"parent": "lbkite5",
				"pivot": [0, 18, -6],
				"cubes": [
					{"origin": [-2, 17, -13], "size": [4, 1, 8], "uv": [72, 81]}
				]
			},
			{
				"name": "kitelbin5",
				"parent": "kitelb5",
				"pivot": [0, 18, -13],
				"cubes": [
					{"origin": [-2, 17, -21], "size": [4, 1, 8], "uv": [56, 80]}
				]
			},
			{
				"name": "lbkite6",
				"parent": "lbkites",
				"pivot": [0, 3, 0],
				"rotation": [0, -60, 0]
			},
			{
				"name": "kitelb6",
				"parent": "lbkite6",
				"pivot": [0, 18, -6],
				"cubes": [
					{"origin": [-2, 17, -13], "size": [4, 1, 8], "uv": [40, 78]}
				]
			},
			{
				"name": "kitelbin6",
				"parent": "kitelb6",
				"pivot": [0, 18, -13],
				"cubes": [
					{"origin": [-2, 17, -21], "size": [4, 1, 8], "uv": [24, 77]}
				]
			},
			{
				"name": "lbkite7",
				"parent": "lbkites",
				"pivot": [0, 3, 0],
				"rotation": [0, -70, 0]
			},
			{
				"name": "kitelb7",
				"parent": "lbkite7",
				"pivot": [0, 18, -6],
				"cubes": [
					{"origin": [-2, 17, -13], "size": [4, 1, 8], "uv": [0, 77]}
				]
			},
			{
				"name": "kitelbin7",
				"parent": "kitelb7",
				"pivot": [0, 18, -13],
				"cubes": [
					{"origin": [-2, 17, -21], "size": [4, 1, 8], "uv": [76, 63]}
				]
			},
			{
				"name": "lbkite8",
				"parent": "lbkites",
				"pivot": [0, 3, 0],
				"rotation": [0, -80, 0]
			},
			{
				"name": "kitelb8",
				"parent": "lbkite8",
				"pivot": [0, 18, -6],
				"cubes": [
					{"origin": [-2, 17, -13], "size": [4, 1, 8], "uv": [76, 54]}
				]
			},
			{
				"name": "kitelbin8",
				"parent": "kitelb8",
				"pivot": [0, 18, -13],
				"cubes": [
					{"origin": [-2, 17, -21], "size": [4, 1, 8], "uv": [76, 24]}
				]
			},
			{
				"name": "kiteright",
				"parent": "winders",
				"pivot": [0, 3, 0],
				"rotation": [0, 90, 0]
			},
			{
				"name": "kiter",
				"parent": "kiteright",
				"pivot": [0, 18, -6],
				"cubes": [
					{"origin": [-2, 17, -13], "size": [4, 1, 8], "uv": [72, 90]}
				]
			},
			{
				"name": "kiterin",
				"parent": "kiter",
				"pivot": [0, 18, -13],
				"cubes": [
					{"origin": [-2, 17, -21], "size": [4, 1, 8], "uv": [56, 89]}
				]
			},
			{
				"name": "kiteback",
				"parent": "winders",
				"pivot": [0, 3, 0],
				"rotation": [0, 180, 0]
			},
			{
				"name": "kiteb",
				"parent": "kiteback",
				"pivot": [0, 18, -6],
				"cubes": [
					{"origin": [-2, 17, -13], "size": [4, 1, 8], "uv": [74, 0]}
				]
			},
			{
				"name": "kitebin",
				"parent": "kiteb",
				"pivot": [0, 18, -13],
				"cubes": [
					{"origin": [-2, 17, -21], "size": [4, 1, 8], "uv": [72, 72]}
				]
			},
			{
				"name": "kiteleft",
				"parent": "winders",
				"pivot": [0, 3, 0],
				"rotation": [0, -90, 0]
			},
			{
				"name": "kitel",
				"parent": "kiteleft",
				"pivot": [0, 18, -6],
				"cubes": [
					{"origin": [-2, 17, -13], "size": [4, 1, 8], "uv": [38, 15]}
				]
			},
			{
				"name": "kitelin",
				"parent": "kitel",
				"pivot": [0, 18, -13],
				"cubes": [
					{"origin": [-2, 17, -21], "size": [4, 1, 8], "uv": [0, 21]}
				]
			},
			{
				"name": "kitefront",
				"parent": "winders",
				"pivot": [0, 3, 0]
			},
			{
				"name": "kitef",
				"parent": "kitefront",
				"pivot": [0, 18, -6],
				"cubes": [
					{"origin": [-2, 17, -13], "size": [4, 1, 8], "uv": [56, 71]}
				]
			},
			{
				"name": "kitefin",
				"parent": "kitef",
				"pivot": [0, 18, -13],
				"cubes": [
					{"origin": [-2, 17, -21], "size": [4, 1, 8], "uv": [70, 45]}
				]
			},
			{
				"name": "whiskey",
				"parent": "notstartrek",
				"pivot": [0, 14, 0]
			},
			{
				"name": "whiskeyleft",
				"parent": "whiskey",
				"pivot": [3, 14, -2],
				"rotation": [0, -35, 45],
				"mirror": true,
				"cubes": [
					{"origin": [3, 12, -2], "size": [2, 2, 1], "uv": [0, 0]}
				]
			},
			{
				"name": "whiskeyright",
				"parent": "whiskey",
				"pivot": [-3, 14, -2],
				"rotation": [0, 35, -45],
				"cubes": [
					{"origin": [-5, 12, -2], "size": [2, 2, 1], "uv": [0, 0]}
				]
			},
			{
				"name": "whiskey2",
				"parent": "notstartrek",
				"pivot": [0, 15.5, 1]
			},
			{
				"name": "whiskeyleft2",
				"parent": "whiskey2",
				"pivot": [3, 15.5, -1],
				"rotation": [0, -35, 5],
				"mirror": true,
				"cubes": [
					{"origin": [3, 13.5, -1], "size": [2, 2, 1], "uv": [0, 0]}
				]
			},
			{
				"name": "whiskeyright2",
				"parent": "whiskey2",
				"pivot": [-3, 15.5, -1],
				"rotation": [0, 35, -5],
				"cubes": [
					{"origin": [-5, 13.5, -1], "size": [2, 2, 1], "uv": [0, 0]}
				]
			},
			{
				"name": "whiskey3",
				"parent": "notstartrek",
				"pivot": [0, 14, 7]
			},
			{
				"name": "whiskeyleft3",
				"parent": "whiskey3",
				"pivot": [2.5, 13, 3],
				"rotation": [30, 7.5, -35],
				"mirror": true,
				"cubes": [
					{"origin": [1.5, 10, 3], "size": [1, 3, 2], "uv": [0, 3]}
				]
			},
			{
				"name": "whiskeyright3",
				"parent": "whiskey3",
				"pivot": [-2.5, 13, 3],
				"rotation": [30, -7.5, 35],
				"cubes": [
					{"origin": [-2.5, 10, 3], "size": [1, 3, 2], "uv": [0, 3]}
				]
			},
			{
				"name": "whiskey4",
				"parent": "notstartrek",
				"pivot": [0, 16, 7]
			},
			{
				"name": "whiskeyright4",
				"parent": "whiskey4",
				"pivot": [-3, 14, 4],
				"rotation": [70, -25, 12.5],
				"cubes": [
					{"origin": [-3, 11, 4], "size": [1, 3, 2], "uv": [0, 3]}
				]
			},
			{
				"name": "whiskeyleft4",
				"parent": "whiskey4",
				"pivot": [3, 14, 4],
				"rotation": [70, 25, -12.5],
				"mirror": true,
				"cubes": [
					{"origin": [2, 11, 4], "size": [1, 3, 2], "uv": [0, 3]}
				]
			},
			{
				"name": "tentaclepart2",
				"parent": "notstartrek",
				"pivot": [0, 3, 1]
			},
			{
				"name": "left_fronttent",
				"parent": "tentaclepart2",
				"pivot": [7, 15, -2],
				"rotation": [-80, 0, 0],
				"cubes": [
					{"origin": [5, 15, -2], "size": [3, 3, 7], "uv": [119, 29]}
				]
			},
			{
				"name": "left_fronttentoe",
				"parent": "left_fronttent",
				"pivot": [7, 15, 5],
				"rotation": [5, 0, 0],
				"cubes": [
					{"origin": [5, 15, 5], "size": [3, 3, 7], "uv": [77, 118]}
				]
			},
			{
				"name": "left_fronttenttoe2",
				"parent": "left_fronttentoe",
				"pivot": [6.5, 15, 12],
				"rotation": [15, 0, 0],
				"cubes": [
					{"origin": [5.5, 15, 12], "size": [2, 2, 7], "uv": [18, 122]}
				]
			},
			{
				"name": "left_fronttenttoe_in",
				"parent": "left_fronttenttoe2",
				"pivot": [6.5, 15, 19],
				"rotation": [7.5, 0, 0],
				"cubes": [
					{"origin": [5.5, 15, 19], "size": [2, 2, 7], "uv": [0, 122]}
				]
			},
			{
				"name": "left_fronttenttoe_in2",
				"parent": "left_fronttenttoe_in",
				"pivot": [6.5, 15, 26],
				"rotation": [15, 0, 0],
				"cubes": [
					{"origin": [5.5, 15, 26], "size": [2, 2, 7], "uv": [121, 120]}
				]
			},
			{
				"name": "right_fronttent",
				"parent": "tentaclepart2",
				"pivot": [-7, 15, -2],
				"rotation": [-80, 0, 0],
				"cubes": [
					{"origin": [-8, 15, -2], "size": [3, 3, 7], "uv": [118, 19]}
				]
			},
			{
				"name": "right_fronttentoe",
				"parent": "right_fronttent",
				"pivot": [-7, 15, 5],
				"rotation": [5, 0, 0],
				"cubes": [
					{"origin": [-8, 15, 5], "size": [3, 3, 7], "uv": [57, 116]}
				]
			},
			{
				"name": "right_fronttenttoe2",
				"parent": "right_fronttentoe",
				"pivot": [-6.5, 15, 12],
				"rotation": [15, 0, 0],
				"cubes": [
					{"origin": [-7.5, 15, 12], "size": [2, 2, 7], "uv": [121, 111]}
				]
			},
			{
				"name": "right_fronttenttoe_in",
				"parent": "right_fronttenttoe2",
				"pivot": [-6.5, 15, 19],
				"rotation": [7.5, 0, 0],
				"cubes": [
					{"origin": [-7.5, 15, 19], "size": [2, 2, 7], "uv": [121, 102]}
				]
			},
			{
				"name": "right_fronttenttoe_in2",
				"parent": "right_fronttenttoe_in",
				"pivot": [-6.5, 15, 26],
				"rotation": [15, 0, 0],
				"cubes": [
					{"origin": [-7.5, 15, 26], "size": [2, 2, 7], "uv": [121, 93]}
				]
			},
			{
				"name": "not_star_trek_body",
				"parent": "body",
				"pivot": [0, 11, 20],
				"rotation": [90, 0, 0],
				"cubes": [
					{"origin": [-4, -11, 17], "size": [8, 22, 5], "uv": [0, 214]},
					{"origin": [4, -10, 18], "size": [3, 20, 3], "uv": [26, 223]},
					{"origin": [-7, -10, 18], "size": [3, 20, 3], "uv": [38, 233]}
				]
			},
			{
				"name": "wing_left",
				"parent": "not_star_trek_body",
				"pivot": [7, 9, 19]
			},
			{
				"name": "bone",
				"parent": "wing_left",
				"pivot": [7, 9, 19],
				"rotation": [0, 0, 55],
				"cubes": [
					{"origin": [6, -5, 19], "size": [28, 14, 1], "uv": [198, 241]}
				]
			},
			{
				"name": "wing_left_tip",
				"parent": "wing_left",
				"pivot": [10, -8, 18.75],
				"cubes": [
					{"origin": [10, -21, 18.25], "size": [10, 15, 2], "uv": [232, 216]}
				]
			},
			{
				"name": "bone2",
				"parent": "wing_left_tip",
				"pivot": [20, -5, 18.75],
				"rotation": [-90, 0, 0],
				"cubes": [
					{"origin": [17, -7, 9.75], "size": [4, 4, 30], "uv": [0, 0]},
					{"origin": [17, -7, 39.75], "size": [4, 4, 16], "uv": [90, 236]},
					{"origin": [17, -7, 55.75], "size": [4, 4, 16], "uv": [50, 236]}
				]
			},
			{
				"name": "bone3",
				"parent": "wing_left_tip",
				"pivot": [10, -21, 19.25],
				"rotation": [0, 0, -20],
				"cubes": [
					{"origin": [10, -42, 18.25], "size": [7, 21, 2], "uv": [180, 233]}
				]
			},
			{
				"name": "bone4",
				"parent": "wing_left_tip",
				"pivot": [10, -6, 19.25],
				"rotation": [0, 0, -35],
				"cubes": [
					{"origin": [10, -10, 18.25], "size": [7, 4, 2], "uv": [162, 250]}
				]
			},
			{
				"name": "wing_right",
				"parent": "not_star_trek_body",
				"pivot": [-7, 9, 19]
			},
			{
				"name": "bone5",
				"parent": "wing_right",
				"pivot": [-7, 9, 19],
				"rotation": [0, 0, -55],
				"mirror": true,
				"cubes": [
					{"origin": [-34, -5, 19], "size": [28, 14, 1], "uv": [198, 241]}
				]
			},
			{
				"name": "wing_right_tip",
				"parent": "wing_right",
				"pivot": [-10, -8, 18.75],
				"mirror": true,
				"cubes": [
					{"origin": [-20, -21, 18.25], "size": [10, 15, 2], "uv": [232, 216]}
				]
			},
			{
				"name": "bone6",
				"parent": "wing_right_tip",
				"pivot": [-20, -5, 18.75],
				"rotation": [-90, 0, 0],
				"mirror": true,
				"cubes": [
					{"origin": [-21, -7, 9.75], "size": [4, 4, 30], "uv": [0, 0]},
					{"origin": [-21, -7, 39.75], "size": [4, 4, 16], "uv": [90, 236]},
					{"origin": [-21, -7, 55.75], "size": [4, 4, 16], "uv": [50, 236]}
				]
			},
			{
				"name": "bone7",
				"parent": "wing_right_tip",
				"pivot": [-10, -21, 19.25],
				"rotation": [0, 0, 20],
				"mirror": true,
				"cubes": [
					{"origin": [-17, -42, 18.25], "size": [7, 21, 2], "uv": [180, 233]}
				]
			},
			{
				"name": "bone8",
				"parent": "wing_right_tip",
				"pivot": [-10, -6, 19.25],
				"rotation": [0, 0, 35],
				"mirror": true,
				"cubes": [
					{"origin": [-17, -10, 18.25], "size": [7, 4, 2], "uv": [162, 250]}
				]
			},
			{
				"name": "not_star_trek_neck",
				"parent": "body",
				"pivot": [0, 17, 5],
				"rotation": [70, 0, 0],
				"cubes": [
					{"origin": [-2, 6, 1], "size": [4, 11, 4], "uv": [0, 241]}
				]
			},
			{
				"name": "not_star_trek_neck2",
				"parent": "not_star_trek_neck",
				"pivot": [0, 6, 1],
				"rotation": [15, 0, 0],
				"cubes": [
					{"origin": [-2, 0, 1], "size": [4, 6, 4], "uv": [16, 246]}
				]
			},
			{
				"name": "tentacles_0",
				"parent": "body",
				"pivot": [-3.8, 1, -5]
			},
			{
				"name": "tentacles_1",
				"parent": "body",
				"pivot": [1.3, 1, -5]
			},
			{
				"name": "tentacles_2",
				"parent": "body",
				"pivot": [6.3, 1, -5]
			},
			{
				"name": "tentacles_3",
				"parent": "body",
				"pivot": [-6.3, 1, 0]
			},
			{
				"name": "tentacles_4",
				"parent": "body",
				"pivot": [-1.3, 1, 0]
			},
			{
				"name": "tentacles_5",
				"parent": "body",
				"pivot": [3.8, 1, 0]
			},
			{
				"name": "tentacles_6",
				"parent": "body",
				"pivot": [-3.8, 1, 5]
			},
			{
				"name": "tentacles_7",
				"parent": "body",
				"pivot": [1.3, 1, 5]
			},
			{
				"name": "tentacles_8",
				"parent": "body",
				"pivot": [6.3, 1, 5]
			}
		]
	}
}