{
	"format_version": "1.10.0",
	"geometry.ghast": {
		"texturewidth": 256,
		"textureheight": 512,
		"visible_bounds_width": 13,
		"visible_bounds_height": 11,
		"visible_bounds_offset": [0, 3.5, 0],
		"bones": [
			{
				"name": "body",
				"pivot": [0, 8, 0]
			},
			{
				"name": "alienbody",
				"parent": "body",
				"pivot": [0, 32, 0]
			},
			{
				"name": "not_star_trek_neck",
				"parent": "alienbody",
				"pivot": [0, 21, 1],
				"rotation": [10, 0, 0],
				"cubes": [
					{"origin": [-1.5, 20, -0.75], "size": [3, 9, 3], "uv": [50, 494]}
				]
			},
			{
				"name": "notstartrek",
				"parent": "not_star_trek_neck",
				"pivot": [0, 25, 1.25],
				"rotation": [-10, 0, 0],
				"cubes": [
					{"origin": [-6, 28, -6.25], "size": [12, 3, 12], "uv": [38, 256]},
					{"origin": [-2, 31, -2.25], "size": [4, 1, 4], "uv": [38, 280]},
					{"origin": [-9, 27, -2.25], "size": [6, 2, 8], "uv": [0, 290]},
					{"origin": [-3, 25, -3.25], "size": [6, 3, 8], "uv": [0, 256]},
					{"origin": [3, 27, -2.25], "size": [6, 2, 8], "uv": [0, 267]}
				]
			},
			{
				"name": "winders",
				"parent": "notstartrek",
				"pivot": [0, 15, -0.25]
			},
			{
				"name": "lfkites",
				"parent": "winders",
				"pivot": [0, 15, -0.25]
			},
			{
				"name": "lfkite1",
				"parent": "lfkites",
				"pivot": [0, 15, -0.25],
				"rotation": [0, -10, 0]
			},
			{
				"name": "kitelf1",
				"parent": "lfkite1",
				"pivot": [0, 30, -6.25],
				"cubes": [
					{"origin": [-2, 29, -13.25], "size": [4, 1, 8], "uv": [70, 292]}
				]
			},
			{
				"name": "kitelfin1",
				"parent": "kitelf1",
				"pivot": [0, 30, -13.25],
				"cubes": [
					{"origin": [-2, 29, -21.25], "size": [4, 1, 8], "uv": [70, 271]}
				]
			},
			{
				"name": "lfkite2",
				"parent": "lfkites",
				"pivot": [0, 15, -0.25],
				"rotation": [0, -20, 0]
			},
			{
				"name": "kitelf2",
				"parent": "lfkite2",
				"pivot": [0, 30, -6.25],
				"cubes": [
					{"origin": [-2, 29, -13.25], "size": [4, 1, 8], "uv": [40, 325]}
				]
			},
			{
				"name": "kitelfin2",
				"parent": "kitelf2",
				"pivot": [0, 30, -13.25],
				"cubes": [
					{"origin": [-2, 29, -21.25], "size": [4, 1, 8], "uv": [24, 324]}
				]
			},
			{
				"name": "lfkite3",
				"parent": "lfkites",
				"pivot": [0, 15, -0.25],
				"rotation": [0, -30, 0]
			},
			{
				"name": "kitelf3",
				"parent": "lfkite3",
				"pivot": [0, 30, -6.25],
				"cubes": [
					{"origin": [-2, 29, -13.25], "size": [4, 1, 8], "uv": [0, 324]}
				]
			},
			{
				"name": "kitelfin3",
				"parent": "kitelf3",
				"pivot": [0, 30, -13.25],
				"cubes": [
					{"origin": [-2, 29, -21.25], "size": [4, 1, 8], "uv": [60, 318]}
				]
			},
			{
				"name": "lfkite4",
				"parent": "lfkites",
				"pivot": [0, 15, -0.25],
				"rotation": [0, -40, 0]
			},
			{
				"name": "kitelf4",
				"parent": "lfkite4",
				"pivot": [0, 30, -6.25],
				"cubes": [
					{"origin": [-2, 29, -13.25], "size": [4, 1, 8], "uv": [60, 282]}
				]
			},
			{
				"name": "kitelfin4",
				"parent": "kitelf4",
				"pivot": [0, 30, -13.25],
				"cubes": [
					{"origin": [-2, 29, -21.25], "size": [4, 1, 8], "uv": [54, 309]}
				]
			},
			{
				"name": "lfkite5",
				"parent": "lfkites",
				"pivot": [0, 15, -0.25],
				"rotation": [0, -50, 0]
			},
			{
				"name": "kitelf5",
				"parent": "lfkite5",
				"pivot": [0, 30, -6.25],
				"cubes": [
					{"origin": [-2, 29, -13.25], "size": [4, 1, 8], "uv": [54, 300]}
				]
			},
			{
				"name": "kitelfin5",
				"parent": "kitelf5",
				"pivot": [0, 30, -13.25],
				"cubes": [
					{"origin": [-2, 29, -21.25], "size": [4, 1, 8], "uv": [54, 291]}
				]
			},
			{
				"name": "lfkite6",
				"parent": "lfkites",
				"pivot": [0, 15, -0.25],
				"rotation": [0, -60, 0]
			},
			{
				"name": "kitelf6",
				"parent": "lfkite6",
				"pivot": [0, 30, -6.25],
				"cubes": [
					{"origin": [-2, 29, -13.25], "size": [4, 1, 8], "uv": [54, 272]}
				]
			},
			{
				"name": "kitelfin6",
				"parent": "kitelf6",
				"pivot": [0, 30, -13.25],
				"cubes": [
					{"origin": [-2, 29, -21.25], "size": [4, 1, 8], "uv": [0, 309]}
				]
			},
			{
				"name": "lfkite7",
				"parent": "lfkites",
				"pivot": [0, 15, -0.25],
				"rotation": [0, -70, 0]
			},
			{
				"name": "kitelf7",
				"parent": "lfkite7",
				"pivot": [0, 30, -6.25],
				"cubes": [
					{"origin": [-2, 29, -13.25], "size": [4, 1, 8], "uv": [38, 308]}
				]
			},
			{
				"name": "kitelfin7",
				"parent": "kitelf7",
				"pivot": [0, 30, -13.25],
				"cubes": [
					{"origin": [-2, 29, -21.25], "size": [4, 1, 8], "uv": [0, 300]}
				]
			},
			{
				"name": "lfkite8",
				"parent": "lfkites",
				"pivot": [0, 15, -0.25],
				"rotation": [0, -80, 0]
			},
			{
				"name": "kitelf8",
				"parent": "lfkite8",
				"pivot": [0, 30, -6.25],
				"cubes": [
					{"origin": [-2, 29, -13.25], "size": [4, 1, 8], "uv": [38, 299]}
				]
			},
			{
				"name": "kitelfin8",
				"parent": "kitelf8",
				"pivot": [0, 30, -13.25],
				"cubes": [
					{"origin": [-2, 29, -21.25], "size": [4, 1, 8], "uv": [38, 290]}
				]
			},
			{
				"name": "rfkites",
				"parent": "winders",
				"pivot": [0, 15, -0.25],
				"rotation": [0, 90, 0]
			},
			{
				"name": "rfkite8",
				"parent": "rfkites",
				"pivot": [0, 15, -0.25],
				"rotation": [0, -10, 0]
			},
			{
				"name": "kiterf8",
				"parent": "rfkite8",
				"pivot": [0, 30, -6.25],
				"cubes": [
					{"origin": [-2, 29, -13.25], "size": [4, 1, 8], "uv": [104, 370]}
				]
			},
			{
				"name": "kiterfin8",
				"parent": "kiterf8",
				"pivot": [0, 30, -13.25],
				"cubes": [
					{"origin": [-2, 29, -21.25], "size": [4, 1, 8], "uv": [40, 370]}
				]
			},
			{
				"name": "rfkite7",
				"parent": "rfkites",
				"pivot": [0, 15, -0.25],
				"rotation": [0, -20, 0]
			},
			{
				"name": "kiterf7",
				"parent": "rfkite7",
				"pivot": [0, 30, -6.25],
				"cubes": [
					{"origin": [-2, 29, -13.25], "size": [4, 1, 8], "uv": [114, 257]}
				]
			},
			{
				"name": "kiterfin7",
				"parent": "kiterf7",
				"pivot": [0, 30, -13.25],
				"cubes": [
					{"origin": [-2, 29, -21.25], "size": [4, 1, 8], "uv": [24, 369]}
				]
			},
			{
				"name": "rfkite6",
				"parent": "rfkites",
				"pivot": [0, 15, -0.25],
				"rotation": [0, -30, 0]
			},
			{
				"name": "kiterf6",
				"parent": "rfkite6",
				"pivot": [0, 30, -6.25],
				"cubes": [
					{"origin": [-2, 29, -13.25], "size": [4, 1, 8], "uv": [0, 369]}
				]
			},
			{
				"name": "kiterfin6",
				"parent": "kiterf6",
				"pivot": [0, 30, -13.25],
				"cubes": [
					{"origin": [-2, 29, -21.25], "size": [4, 1, 8], "uv": [88, 365]}
				]
			},
			{
				"name": "rfkite5",
				"parent": "rfkites",
				"pivot": [0, 15, -0.25],
				"rotation": [0, -40, 0]
			},
			{
				"name": "kiterf5",
				"parent": "rfkite5",
				"pivot": [0, 30, -6.25],
				"cubes": [
					{"origin": [-2, 29, -13.25], "size": [4, 1, 8], "uv": [72, 364]}
				]
			},
			{
				"name": "kiterfin5",
				"parent": "kiterf5",
				"pivot": [0, 30, -13.25],
				"cubes": [
					{"origin": [-2, 29, -21.25], "size": [4, 1, 8], "uv": [108, 310]}
				]
			},
			{
				"name": "rfkite4",
				"parent": "rfkites",
				"pivot": [0, 15, -0.25],
				"rotation": [0, -50, 0]
			},
			{
				"name": "kiterf4",
				"parent": "rfkite4",
				"pivot": [0, 30, -6.25],
				"cubes": [
					{"origin": [-2, 29, -13.25], "size": [4, 1, 8], "uv": [108, 301]}
				]
			},
			{
				"name": "kiterfin4",
				"parent": "kiterf4",
				"pivot": [0, 30, -13.25],
				"cubes": [
					{"origin": [-2, 29, -21.25], "size": [4, 1, 8], "uv": [108, 266]}
				]
			},
			{
				"name": "rfkite3",
				"parent": "rfkites",
				"pivot": [0, 15, -0.25],
				"rotation": [0, -60, 0]
			},
			{
				"name": "kiterf3",
				"parent": "rfkite3",
				"pivot": [0, 30, -6.25],
				"cubes": [
					{"origin": [-2, 29, -13.25], "size": [4, 1, 8], "uv": [56, 363]}
				]
			},
			{
				"name": "kiterfin3",
				"parent": "kiterf3",
				"pivot": [0, 30, -13.25],
				"cubes": [
					{"origin": [-2, 29, -21.25], "size": [4, 1, 8], "uv": [104, 361]}
				]
			},
			{
				"name": "rfkite2",
				"parent": "rfkites",
				"pivot": [0, 15, -0.25],
				"rotation": [0, -70, 0]
			},
			{
				"name": "kiterf2",
				"parent": "rfkite2",
				"pivot": [0, 30, -6.25],
				"cubes": [
					{"origin": [-2, 29, -13.25], "size": [4, 1, 8], "uv": [40, 361]}
				]
			},
			{
				"name": "kiterfin2",
				"parent": "kiterf2",
				"pivot": [0, 30, -13.25],
				"cubes": [
					{"origin": [-2, 29, -21.25], "size": [4, 1, 8], "uv": [104, 352]}
				]
			},
			{
				"name": "rfkite1",
				"parent": "rfkites",
				"pivot": [0, 15, -0.25],
				"rotation": [0, -80, 0]
			},
			{
				"name": "kiterf1",
				"parent": "rfkite1",
				"pivot": [0, 30, -6.25],
				"cubes": [
					{"origin": [-2, 29, -13.25], "size": [4, 1, 8], "uv": [104, 343]}
				]
			},
			{
				"name": "kiterfin1",
				"parent": "kiterf1",
				"pivot": [0, 30, -13.25],
				"cubes": [
					{"origin": [-2, 29, -21.25], "size": [4, 1, 8], "uv": [104, 334]}
				]
			},
			{
				"name": "rbkites",
				"parent": "winders",
				"pivot": [0, 15, -0.25],
				"rotation": [0, 180, 0]
			},
			{
				"name": "rbkite8",
				"parent": "rbkites",
				"pivot": [0, 15, -0.25],
				"rotation": [0, -10, 0]
			},
			{
				"name": "kiterb8",
				"parent": "rbkite8",
				"pivot": [0, 30, -6.25],
				"cubes": [
					{"origin": [-2, 29, -13.25], "size": [4, 1, 8], "uv": [104, 325]}
				]
			},
			{
				"name": "kiterbin8",
				"parent": "kiterb8",
				"pivot": [0, 30, -13.25],
				"cubes": [
					{"origin": [-2, 29, -21.25], "size": [4, 1, 8], "uv": [24, 360]}
				]
			},
			{
				"name": "rbkite7",
				"parent": "rbkites",
				"pivot": [0, 15, -0.25],
				"rotation": [0, -20, 0]
			},
			{
				"name": "kiterb7",
				"parent": "rbkite7",
				"pivot": [0, 30, -6.25],
				"cubes": [
					{"origin": [-2, 29, -13.25], "size": [4, 1, 8], "uv": [0, 360]}
				]
			},
			{
				"name": "kiterbin7",
				"parent": "kiterb7",
				"pivot": [0, 30, -13.25],
				"cubes": [
					{"origin": [-2, 29, -21.25], "size": [4, 1, 8], "uv": [102, 292]}
				]
			},
			{
				"name": "rbkite6",
				"parent": "rbkites",
				"pivot": [0, 15, -0.25],
				"rotation": [0, -30, 0]
			},
			{
				"name": "kiterb6",
				"parent": "rbkite6",
				"pivot": [0, 30, -6.25],
				"cubes": [
					{"origin": [-2, 29, -13.25], "size": [4, 1, 8], "uv": [102, 283]}
				]
			},
			{
				"name": "kiterbin6",
				"parent": "kiterb6",
				"pivot": [0, 30, -13.25],
				"cubes": [
					{"origin": [-2, 29, -21.25], "size": [4, 1, 8], "uv": [88, 356]}
				]
			},
			{
				"name": "rbkite5",
				"parent": "rbkites",
				"pivot": [0, 15, -0.25],
				"rotation": [0, -40, 0]
			},
			{
				"name": "kiterb5",
				"parent": "rbkite5",
				"pivot": [0, 30, -6.25],
				"cubes": [
					{"origin": [-2, 29, -13.25], "size": [4, 1, 8], "uv": [72, 355]}
				]
			},
			{
				"name": "kiterbin5",
				"parent": "kiterb5",
				"pivot": [0, 30, -13.25],
				"cubes": [
					{"origin": [-2, 29, -21.25], "size": [4, 1, 8], "uv": [56, 354]}
				]
			},
			{
				"name": "rbkite4",
				"parent": "rbkites",
				"pivot": [0, 15, -0.25],
				"rotation": [0, -50, 0]
			},
			{
				"name": "kiterb4",
				"parent": "rbkite4",
				"pivot": [0, 30, -6.25],
				"cubes": [
					{"origin": [-2, 29, -13.25], "size": [4, 1, 8], "uv": [98, 256]}
				]
			},
			{
				"name": "kiterbin4",
				"parent": "kiterb4",
				"pivot": [0, 30, -13.25],
				"cubes": [
					{"origin": [-2, 29, -21.25], "size": [4, 1, 8], "uv": [40, 352]}
				]
			},
			{
				"name": "rbkite3",
				"parent": "rbkites",
				"pivot": [0, 15, -0.25],
				"rotation": [0, -60, 0]
			},
			{
				"name": "kiterb3",
				"parent": "rbkite3",
				"pivot": [0, 30, -6.25],
				"cubes": [
					{"origin": [-2, 29, -13.25], "size": [4, 1, 8], "uv": [24, 351]}
				]
			},
			{
				"name": "kiterbin3",
				"parent": "kiterb3",
				"pivot": [0, 30, -13.25],
				"cubes": [
					{"origin": [-2, 29, -21.25], "size": [4, 1, 8], "uv": [0, 351]}
				]
			},
			{
				"name": "rbkite2",
				"parent": "rbkites",
				"pivot": [0, 15, -0.25],
				"rotation": [0, -70, 0]
			},
			{
				"name": "kiterb2",
				"parent": "rbkite2",
				"pivot": [0, 30, -6.25],
				"cubes": [
					{"origin": [-2, 29, -13.25], "size": [4, 1, 8], "uv": [92, 316]}
				]
			},
			{
				"name": "kiterbin2",
				"parent": "kiterb2",
				"pivot": [0, 30, -13.25],
				"cubes": [
					{"origin": [-2, 29, -21.25], "size": [4, 1, 8], "uv": [92, 307]}
				]
			},
			{
				"name": "rbkite1",
				"parent": "rbkites",
				"pivot": [0, 15, -0.25],
				"rotation": [0, -80, 0]
			},
			{
				"name": "kiterb1",
				"parent": "rbkite1",
				"pivot": [0, 30, -6.25],
				"cubes": [
					{"origin": [-2, 29, -13.25], "size": [4, 1, 8], "uv": [92, 274]}
				]
			},
			{
				"name": "kiterbin1",
				"parent": "kiterb1",
				"pivot": [0, 30, -13.25],
				"cubes": [
					{"origin": [-2, 29, -21.25], "size": [4, 1, 8], "uv": [88, 347]}
				]
			},
			{
				"name": "lbkites",
				"parent": "winders",
				"pivot": [0, 15, -0.25],
				"rotation": [0, -90, 0]
			},
			{
				"name": "lbkite1",
				"parent": "lbkites",
				"pivot": [0, 15, -0.25],
				"rotation": [0, -10, 0]
			},
			{
				"name": "kitelb1",
				"parent": "lbkite1",
				"pivot": [0, 30, -6.25],
				"cubes": [
					{"origin": [-2, 29, -13.25], "size": [4, 1, 8], "uv": [88, 338]}
				]
			},
			{
				"name": "kitelbin1",
				"parent": "kitelb1",
				"pivot": [0, 30, -13.25],
				"cubes": [
					{"origin": [-2, 29, -21.25], "size": [4, 1, 8], "uv": [88, 329]}
				]
			},
			{
				"name": "lbkite2",
				"parent": "lbkites",
				"pivot": [0, 15, -0.25],
				"rotation": [0, -20, 0]
			},
			{
				"name": "kitelb2",
				"parent": "lbkite2",
				"pivot": [0, 30, -6.25],
				"cubes": [
					{"origin": [-2, 29, -13.25], "size": [4, 1, 8], "uv": [40, 343]}
				]
			},
			{
				"name": "kitelbin2",
				"parent": "kitelb2",
				"pivot": [0, 30, -13.25],
				"cubes": [
					{"origin": [-2, 29, -21.25], "size": [4, 1, 8], "uv": [86, 298]}
				]
			},
			{
				"name": "lbkite3",
				"parent": "lbkites",
				"pivot": [0, 15, -0.25],
				"rotation": [0, -30, 0]
			},
			{
				"name": "kitelb3",
				"parent": "lbkite3",
				"pivot": [0, 30, -6.25],
				"cubes": [
					{"origin": [-2, 29, -13.25], "size": [4, 1, 8], "uv": [86, 289]}
				]
			},
			{
				"name": "kitelbin3",
				"parent": "kitelb3",
				"pivot": [0, 30, -13.25],
				"cubes": [
					{"origin": [-2, 29, -21.25], "size": [4, 1, 8], "uv": [24, 342]}
				]
			},
			{
				"name": "lbkite4",
				"parent": "lbkites",
				"pivot": [0, 15, -0.25],
				"rotation": [0, -40, 0]
			},
			{
				"name": "kitelb4",
				"parent": "lbkite4",
				"pivot": [0, 30, -6.25],
				"cubes": [
					{"origin": [-2, 29, -13.25], "size": [4, 1, 8], "uv": [86, 265]}
				]
			},
			{
				"name": "kitelbin4",
				"parent": "kitelb4",
				"pivot": [0, 30, -13.25],
				"cubes": [
					{"origin": [-2, 29, -21.25], "size": [4, 1, 8], "uv": [0, 342]}
				]
			},
			{
				"name": "lbkite5",
				"parent": "lbkites",
				"pivot": [0, 15, -0.25],
				"rotation": [0, -50, 0]
			},
			{
				"name": "kitelb5",
				"parent": "lbkite5",
				"pivot": [0, 30, -6.25],
				"cubes": [
					{"origin": [-2, 29, -13.25], "size": [4, 1, 8], "uv": [72, 337]}
				]
			},
			{
				"name": "kitelbin5",
				"parent": "kitelb5",
				"pivot": [0, 30, -13.25],
				"cubes": [
					{"origin": [-2, 29, -21.25], "size": [4, 1, 8], "uv": [56, 336]}
				]
			},
			{
				"name": "lbkite6",
				"parent": "lbkites",
				"pivot": [0, 15, -0.25],
				"rotation": [0, -60, 0]
			},
			{
				"name": "kitelb6",
				"parent": "lbkite6",
				"pivot": [0, 30, -6.25],
				"cubes": [
					{"origin": [-2, 29, -13.25], "size": [4, 1, 8], "uv": [40, 334]}
				]
			},
			{
				"name": "kitelbin6",
				"parent": "kitelb6",
				"pivot": [0, 30, -13.25],
				"cubes": [
					{"origin": [-2, 29, -21.25], "size": [4, 1, 8], "uv": [24, 333]}
				]
			},
			{
				"name": "lbkite7",
				"parent": "lbkites",
				"pivot": [0, 15, -0.25],
				"rotation": [0, -70, 0]
			},
			{
				"name": "kitelb7",
				"parent": "lbkite7",
				"pivot": [0, 30, -6.25],
				"cubes": [
					{"origin": [-2, 29, -13.25], "size": [4, 1, 8], "uv": [0, 333]}
				]
			},
			{
				"name": "kitelbin7",
				"parent": "kitelb7",
				"pivot": [0, 30, -13.25],
				"cubes": [
					{"origin": [-2, 29, -21.25], "size": [4, 1, 8], "uv": [76, 319]}
				]
			},
			{
				"name": "lbkite8",
				"parent": "lbkites",
				"pivot": [0, 15, -0.25],
				"rotation": [0, -80, 0]
			},
			{
				"name": "kitelb8",
				"parent": "lbkite8",
				"pivot": [0, 30, -6.25],
				"cubes": [
					{"origin": [-2, 29, -13.25], "size": [4, 1, 8], "uv": [76, 310]}
				]
			},
			{
				"name": "kitelbin8",
				"parent": "kitelb8",
				"pivot": [0, 30, -13.25],
				"cubes": [
					{"origin": [-2, 29, -21.25], "size": [4, 1, 8], "uv": [76, 280]}
				]
			},
			{
				"name": "kiteright",
				"parent": "winders",
				"pivot": [0, 15, -0.25],
				"rotation": [0, 90, 0]
			},
			{
				"name": "kiter",
				"parent": "kiteright",
				"pivot": [0, 30, -6.25],
				"cubes": [
					{"origin": [-2, 29, -13.25], "size": [4, 1, 8], "uv": [72, 346]}
				]
			},
			{
				"name": "kiterin",
				"parent": "kiter",
				"pivot": [0, 30, -13.25],
				"cubes": [
					{"origin": [-2, 29, -21.25], "size": [4, 1, 8], "uv": [56, 345]}
				]
			},
			{
				"name": "kiteback",
				"parent": "winders",
				"pivot": [0, 15, -0.25],
				"rotation": [0, 180, 0]
			},
			{
				"name": "kiteb",
				"parent": "kiteback",
				"pivot": [0, 30, -6.25],
				"cubes": [
					{"origin": [-2, 29, -13.25], "size": [4, 1, 8], "uv": [74, 256]}
				]
			},
			{
				"name": "kitebin",
				"parent": "kiteb",
				"pivot": [0, 30, -13.25],
				"cubes": [
					{"origin": [-2, 29, -21.25], "size": [4, 1, 8], "uv": [72, 328]}
				]
			},
			{
				"name": "kiteleft",
				"parent": "winders",
				"pivot": [0, 15, -0.25],
				"rotation": [0, -90, 0]
			},
			{
				"name": "kitel",
				"parent": "kiteleft",
				"pivot": [0, 30, -6.25],
				"cubes": [
					{"origin": [-2, 29, -13.25], "size": [4, 1, 8], "uv": [38, 271]}
				]
			},
			{
				"name": "kitelin",
				"parent": "kitel",
				"pivot": [0, 30, -13.25],
				"cubes": [
					{"origin": [-2, 29, -21.25], "size": [4, 1, 8], "uv": [0, 277]}
				]
			},
			{
				"name": "kitefront",
				"parent": "winders",
				"pivot": [0, 15, -0.25]
			},
			{
				"name": "kitef",
				"parent": "kitefront",
				"pivot": [0, 30, -6.25],
				"cubes": [
					{"origin": [-2, 29, -13.25], "size": [4, 1, 8], "uv": [56, 327]}
				]
			},
			{
				"name": "kitefin",
				"parent": "kitef",
				"pivot": [0, 30, -13.25],
				"cubes": [
					{"origin": [-2, 29, -21.25], "size": [4, 1, 8], "uv": [70, 301]}
				]
			},
			{
				"name": "whiskey",
				"parent": "notstartrek",
				"pivot": [0, 26, -0.25]
			},
			{
				"name": "whiskeyleft",
				"parent": "whiskey",
				"pivot": [3, 26, -2.25],
				"rotation": [0, -35, 45],
				"mirror": true,
				"cubes": [
					{"origin": [3, 24, -2.25], "size": [2, 2, 1], "uv": [0, 256]}
				]
			},
			{
				"name": "whiskeyright",
				"parent": "whiskey",
				"pivot": [-3, 26, -2.25],
				"rotation": [0, 35, -45],
				"cubes": [
					{"origin": [-5, 24, -2.25], "size": [2, 2, 1], "uv": [0, 256]}
				]
			},
			{
				"name": "whiskey2",
				"parent": "notstartrek",
				"pivot": [0, 27.5, 0.75]
			},
			{
				"name": "whiskeyleft2",
				"parent": "whiskey2",
				"pivot": [3, 27.5, -1.25],
				"rotation": [0, -35, 5],
				"mirror": true,
				"cubes": [
					{"origin": [3, 25.5, -1.25], "size": [2, 2, 1], "uv": [0, 256]}
				]
			},
			{
				"name": "whiskeyright2",
				"parent": "whiskey2",
				"pivot": [-3, 27.5, -1.25],
				"rotation": [0, 35, -5],
				"cubes": [
					{"origin": [-5, 25.5, -1.25], "size": [2, 2, 1], "uv": [0, 256]}
				]
			},
			{
				"name": "whiskey3",
				"parent": "notstartrek",
				"pivot": [0, 26, 6.75]
			},
			{
				"name": "whiskeyleft3",
				"parent": "whiskey3",
				"pivot": [2.5, 25, 2.75],
				"rotation": [30, 7.5, -35],
				"mirror": true,
				"cubes": [
					{"origin": [1.5, 22, 2.75], "size": [1, 3, 2], "uv": [0, 259]}
				]
			},
			{
				"name": "whiskeyright3",
				"parent": "whiskey3",
				"pivot": [-2.5, 25, 2.75],
				"rotation": [30, -7.5, 35],
				"cubes": [
					{"origin": [-2.5, 22, 2.75], "size": [1, 3, 2], "uv": [0, 259]}
				]
			},
			{
				"name": "whiskey4",
				"parent": "notstartrek",
				"pivot": [0, 28, 6.75]
			},
			{
				"name": "whiskeyright4",
				"parent": "whiskey4",
				"pivot": [-3, 26, 3.75],
				"rotation": [70, -25, 12.5],
				"cubes": [
					{"origin": [-3, 23, 3.75], "size": [1, 3, 2], "uv": [0, 259]}
				]
			},
			{
				"name": "whiskeyleft4",
				"parent": "whiskey4",
				"pivot": [3, 26, 3.75],
				"rotation": [70, 25, -12.5],
				"mirror": true,
				"cubes": [
					{"origin": [2, 23, 3.75], "size": [1, 3, 2], "uv": [0, 259]}
				]
			},
			{
				"name": "tentaclepart2",
				"parent": "notstartrek",
				"pivot": [0, 15, 5.75]
			},
			{
				"name": "left_fronttent",
				"parent": "tentaclepart2",
				"pivot": [7, 27, 2.75],
				"rotation": [-60, 0, 0],
				"cubes": [
					{"origin": [5, 27, 2.75], "size": [3, 3, 7], "uv": [119, 285]}
				]
			},
			{
				"name": "left_fronttentoe",
				"parent": "left_fronttent",
				"pivot": [7, 27, 9.75],
				"rotation": [5, 0, 0],
				"cubes": [
					{"origin": [5, 27, 9.75], "size": [3, 3, 7], "uv": [77, 374]}
				]
			},
			{
				"name": "left_fronttenttoe2",
				"parent": "left_fronttentoe",
				"pivot": [6.5, 27, 16.75],
				"rotation": [15, 0, 0],
				"cubes": [
					{"origin": [5.5, 27, 16.75], "size": [2, 2, 7], "uv": [18, 378]}
				]
			},
			{
				"name": "left_fronttenttoe_in",
				"parent": "left_fronttenttoe2",
				"pivot": [6.5, 27, 23.75],
				"rotation": [7.5, 0, 0],
				"cubes": [
					{"origin": [5.5, 27, 23.75], "size": [2, 2, 7], "uv": [0, 378]}
				]
			},
			{
				"name": "left_fronttenttoe_in2",
				"parent": "left_fronttenttoe_in",
				"pivot": [6.5, 27, 30.75],
				"rotation": [15, 0, 0],
				"cubes": [
					{"origin": [5.5, 27, 30.75], "size": [2, 2, 7], "uv": [121, 376]}
				]
			},
			{
				"name": "right_fronttent",
				"parent": "tentaclepart2",
				"pivot": [-7, 27, 2.75],
				"rotation": [-60, 0, 0],
				"cubes": [
					{"origin": [-8, 27, 2.75], "size": [3, 3, 7], "uv": [118, 275]}
				]
			},
			{
				"name": "right_fronttentoe",
				"parent": "right_fronttent",
				"pivot": [-7, 27, 9.75],
				"rotation": [5, 0, 0],
				"cubes": [
					{"origin": [-8, 27, 9.75], "size": [3, 3, 7], "uv": [57, 372]}
				]
			},
			{
				"name": "right_fronttenttoe2",
				"parent": "right_fronttentoe",
				"pivot": [-6.5, 27, 16.75],
				"rotation": [15, 0, 0],
				"cubes": [
					{"origin": [-7.5, 27, 16.75], "size": [2, 2, 7], "uv": [121, 367]}
				]
			},
			{
				"name": "right_fronttenttoe_in",
				"parent": "right_fronttenttoe2",
				"pivot": [-6.5, 27, 23.75],
				"rotation": [7.5, 0, 0],
				"cubes": [
					{"origin": [-7.5, 27, 23.75], "size": [2, 2, 7], "uv": [121, 358]}
				]
			},
			{
				"name": "right_fronttenttoe_in2",
				"parent": "right_fronttenttoe_in",
				"pivot": [-6.5, 27, 30.75],
				"rotation": [15, 0, 0],
				"cubes": [
					{"origin": [-7.5, 27, 30.75], "size": [2, 2, 7], "uv": [121, 349]}
				]
			},
			{
				"name": "upperbody",
				"parent": "alienbody",
				"pivot": [0, 21, 1],
				"rotation": [15, 0, 0]
			},
			{
				"name": "contents",
				"parent": "upperbody",
				"pivot": [0, 21, 1],
				"cubes": [
					{"origin": [-2, 12, -1.5], "size": [4, 3, 4], "uv": [90, 488]}
				]
			},
			{
				"name": "left_tit",
				"parent": "contents",
				"pivot": [0.25, 20, -1.5],
				"rotation": [47.5, -15, 0],
				"cubes": [
					{"origin": [0.25, 16, -6.5], "size": [4, 4, 5], "uv": [213, 266]}
				]
			},
			{
				"name": "right_tit",
				"parent": "contents",
				"pivot": [-0.25, 20, -1.5],
				"rotation": [47.5, 15, 0],
				"mirror": true,
				"cubes": [
					{"origin": [-4.25, 16, -6.5], "size": [4, 4, 5], "uv": [213, 266]}
				]
			},
			{
				"name": "body_sub_141",
				"parent": "contents",
				"pivot": [0, 21, 1],
				"mirror": true,
				"cubes": [
					{"origin": [-1, 12, -1.5], "size": [2, 9, 4], "uv": [92, 495]}
				]
			},
			{
				"name": "bone2",
				"parent": "contents",
				"pivot": [1, 21, 2.5],
				"rotation": [0, 0, 20],
				"mirror": true
			},
			{
				"name": "bone",
				"parent": "contents",
				"pivot": [1, 21, 2.5],
				"rotation": [0, 0, 20],
				"mirror": true,
				"cubes": [
					{"origin": [1, 13, -1.5], "size": [4, 8, 4], "uv": [74, 495]}
				]
			},
			{
				"name": "bone8",
				"parent": "contents",
				"pivot": [-1, 21, 2.5],
				"rotation": [0, 0, -20],
				"cubes": [
					{"origin": [-5, 13, -1.5], "size": [4, 8, 4], "uv": [74, 495]}
				]
			},
			{
				"name": "tentaclepartarms",
				"parent": "contents",
				"pivot": [0, 15, 0]
			},
			{
				"name": "left_ft_a",
				"parent": "tentaclepartarms",
				"pivot": [4, 18, -1],
				"rotation": [-90, 0, -15],
				"cubes": [
					{"origin": [3, 18, -3], "size": [3, 3, 7], "uv": [77, 374]}
				]
			},
			{
				"name": "left_fronttentoe_a",
				"parent": "left_ft_a",
				"pivot": [4.5, 19.5, 4],
				"rotation": [0, 5, 0],
				"cubes": [
					{"origin": [3, 18, 4], "size": [3, 3, 7], "uv": [77, 374]}
				]
			},
			{
				"name": "left_fronttenttoe_a2",
				"parent": "left_fronttentoe_a",
				"pivot": [4.5, 19.5, 11],
				"rotation": [0, 5, 0],
				"cubes": [
					{"origin": [3.5, 18.5, 11], "size": [2, 2, 7], "uv": [18, 378]}
				]
			},
			{
				"name": "left_fronttenttoe_in_a",
				"parent": "left_fronttenttoe_a2",
				"pivot": [4.5, 19.5, 18],
				"rotation": [0, 10, 0],
				"cubes": [
					{"origin": [3.5, 18.5, 18], "size": [2, 2, 7], "uv": [0, 378]}
				]
			},
			{
				"name": "left_fronttenttoe_in_a2",
				"parent": "left_fronttenttoe_in_a",
				"pivot": [4.5, 19.5, 25],
				"rotation": [0, 10, 0],
				"cubes": [
					{"origin": [3.5, 18.5, 25], "size": [2, 2, 7], "uv": [121, 376]}
				]
			},
			{
				"name": "right_ft_a",
				"parent": "tentaclepartarms",
				"pivot": [-4, 18, -1],
				"rotation": [-90, 0, 15],
				"cubes": [
					{"origin": [-6, 18, -3], "size": [3, 3, 7], "uv": [57, 372]}
				]
			},
			{
				"name": "right_fronttentoe_a",
				"parent": "right_ft_a",
				"pivot": [-4.5, 19.5, 4],
				"rotation": [0, -5, 0],
				"cubes": [
					{"origin": [-6, 18, 4], "size": [3, 3, 7], "uv": [57, 372]}
				]
			},
			{
				"name": "right_fronttenttoe_a2",
				"parent": "right_fronttentoe_a",
				"pivot": [-4.5, 19.5, 11],
				"rotation": [0, -5, 0],
				"cubes": [
					{"origin": [-5.5, 18.5, 11], "size": [2, 2, 7], "uv": [121, 367]}
				]
			},
			{
				"name": "right_fronttenttoe_in_a",
				"parent": "right_fronttenttoe_a2",
				"pivot": [-4.5, 19.5, 18],
				"rotation": [0, -10, 0],
				"cubes": [
					{"origin": [-5.5, 18.5, 18], "size": [2, 2, 7], "uv": [121, 358]}
				]
			},
			{
				"name": "right_fronttenttoe_in_a2",
				"parent": "right_fronttenttoe_in_a",
				"pivot": [-4.5, 19.5, 25],
				"rotation": [0, -10, 0],
				"cubes": [
					{"origin": [-5.5, 18.5, 25], "size": [2, 2, 7], "uv": [121, 349]}
				]
			},
			{
				"name": "lowerbody",
				"parent": "upperbody",
				"pivot": [0, 12, 0],
				"rotation": [20, 0, 0],
				"cubes": [
					{"origin": [-3.5, 2.5, -1.5], "size": [7, 8, 4], "uv": [130, 500]}
				]
			},
			{
				"name": "bone3",
				"parent": "lowerbody",
				"pivot": [0, 12, -0.5],
				"rotation": [0, 0, 25],
				"cubes": [
					{"origin": [-2, 2, -1.5], "size": [3, 10, 4], "uv": [114, 494]}
				]
			},
			{
				"name": "bone4",
				"parent": "lowerbody",
				"pivot": [0, 12, -0.5],
				"rotation": [0, 0, -25],
				"mirror": true,
				"cubes": [
					{"origin": [-1, 2, -1.5], "size": [3, 10, 4], "uv": [114, 494]}
				]
			},
			{
				"name": "tentaclepart4",
				"parent": "lowerbody",
				"pivot": [0, -11, 0]
			},
			{
				"name": "left_ft_b",
				"parent": "tentaclepart4",
				"pivot": [3, 4, -0.5],
				"rotation": [-80, 0, 0],
				"cubes": [
					{"origin": [1, 2.5, -0.5], "size": [5, 6, 9], "uv": [226, 256]}
				]
			},
			{
				"name": "left_fronttentoe_b",
				"parent": "left_ft_b",
				"pivot": [3.75, 3.75, 8.5],
				"rotation": [5, 0, 0],
				"cubes": [
					{"origin": [1.25, 2.75, 8.5], "size": [4, 5, 8], "uv": [232, 271]}
				]
			},
			{
				"name": "left_fronttenttoe_b2",
				"parent": "left_fronttentoe_b",
				"pivot": [3, 4, 16.5],
				"rotation": [5, 0, 0],
				"cubes": [
					{"origin": [1.5, 3, 16.5], "size": [3, 4, 8], "uv": [234, 284]}
				]
			},
			{
				"name": "left_fronttenttoe_in_b",
				"parent": "left_fronttenttoe_b2",
				"pivot": [2.75, 4.5, 24.5],
				"rotation": [5, 0, 0],
				"cubes": [
					{"origin": [1.75, 3.5, 24.5], "size": [2, 3, 8], "uv": [236, 296]}
				]
			},
			{
				"name": "left_fronttenttoe_in_b2",
				"parent": "left_fronttenttoe_in_b",
				"pivot": [2.75, 4, 32.5],
				"rotation": [5, 0, 0],
				"cubes": [
					{"origin": [1.75, 4, 32.5], "size": [2, 2, 10], "uv": [232, 307]}
				]
			},
			{
				"name": "right_ft_b",
				"parent": "tentaclepart4",
				"pivot": [-3, 4, -0.5],
				"rotation": [-80, 0, 0],
				"mirror": true,
				"cubes": [
					{"origin": [-6, 2.5, -0.5], "size": [5, 6, 9], "uv": [226, 256]}
				]
			},
			{
				"name": "right_fronttentoe_b",
				"parent": "right_ft_b",
				"pivot": [-3.75, 3.75, 8.5],
				"rotation": [5, 0, 0],
				"mirror": true,
				"cubes": [
					{"origin": [-5.25, 2.75, 8.5], "size": [4, 5, 8], "uv": [232, 271]}
				]
			},
			{
				"name": "right_fronttenttoe_b2",
				"parent": "right_fronttentoe_b",
				"pivot": [-3, 4, 16.5],
				"rotation": [5, 0, 0],
				"mirror": true,
				"cubes": [
					{"origin": [-4.5, 3, 16.5], "size": [3, 4, 8], "uv": [234, 284]}
				]
			},
			{
				"name": "right_fronttenttoe_in_b",
				"parent": "right_fronttenttoe_b2",
				"pivot": [-2.75, 4.5, 24.5],
				"rotation": [5, 0, 0],
				"mirror": true,
				"cubes": [
					{"origin": [-3.75, 3.5, 24.5], "size": [2, 3, 8], "uv": [236, 296]}
				]
			},
			{
				"name": "right_fronttenttoe_in_b2",
				"parent": "right_fronttenttoe_in_b",
				"pivot": [-2.75, 4, 32.5],
				"rotation": [5, 0, 0],
				"mirror": true,
				"cubes": [
					{"origin": [-3.75, 4, 32.5], "size": [2, 2, 10], "uv": [232, 307]}
				]
			},
			{
				"name": "ass_left",
				"parent": "lowerbody",
				"pivot": [5.5, 7.32843, 2.52843]
			},
			{
				"name": "square",
				"parent": "ass_left",
				"pivot": [6, 4.5, -0.3],
				"rotation": [-125, 0, 0],
				"cubes": [
					{"origin": [0.5, 4.5, -4.3], "size": [5, 6, 4], "uv": [210, 256]}
				]
			},
			{
				"name": "ass_right",
				"parent": "lowerbody",
				"pivot": [-5.5, 7.32843, 2.52843]
			},
			{
				"name": "square2",
				"parent": "ass_right",
				"pivot": [-6, 4.5, -0.3],
				"rotation": [-125, 0, 0],
				"mirror": true,
				"cubes": [
					{"origin": [-5.5, 4.5, -4.3], "size": [5, 6, 4], "uv": [210, 256]}
				]
			},
			{
				"name": "tentacles_0",
				"parent": "body",
				"pivot": [-3.8, 1, -5]
			},
			{
				"name": "tentacles_1",
				"parent": "body",
				"pivot": [1.3, 1, -5]
			},
			{
				"name": "tentacles_2",
				"parent": "body",
				"pivot": [6.3, 1, -5]
			},
			{
				"name": "tentacles_3",
				"parent": "body",
				"pivot": [-6.3, 1, 0]
			},
			{
				"name": "tentacles_4",
				"parent": "body",
				"pivot": [-1.3, 1, 0]
			},
			{
				"name": "tentacles_5",
				"parent": "body",
				"pivot": [3.8, 1, 0]
			},
			{
				"name": "tentacles_6",
				"parent": "body",
				"pivot": [-3.8, 1, 5]
			},
			{
				"name": "tentacles_7",
				"parent": "body",
				"pivot": [1.3, 1, 5]
			},
			{
				"name": "tentacles_8",
				"parent": "body",
				"pivot": [6.3, 1, 5]
			}
		]
	}
}