{
	"format_version" : "1.8.0",
	"animations" : {
		"animation.ghast.move" : {
			"loop" : true,
			"bones" : {
		"left_fronttent": {
			"rotation": [ "(math.cos(query.life_time * 70.0) * 4.0) + 1.0", 0.0 , 0.0 ]
		},
		"left_fronttentoe": {
			"rotation": [ "(math.cos(query.life_time * 70.0) * 4.0) + 1.0", 0.0 , 0.0 ]
		},
		"left_fronttenttoe2": {
			"rotation": [ "(math.cos(query.life_time * 70.0) * 4.0) + 1.0", 0.0 , 0.0 ]
		},
		"left_fronttenttoe_in": {
			"rotation": [ "(math.cos(query.life_time * 70.0) * 4.0) + 1.0", 0.0 , 0.0 ]
		},
		"left_fronttenttoe_in2": {
			"rotation": [ "(math.cos(query.life_time * 70.0) * 4.0) + 1.0", 0.0 , 0.0 ]
		},
		"right_fronttent": {
			"rotation": [ "(math.cos(query.life_time * 70.0) * 4.0) + 1.0", 0.0 , 0.0 ]
		},
		"right_fronttentoe": {
			"rotation": [ "(math.cos(query.life_time * 70.0) * 4.0) + 1.0", 0.0 , 0.0 ]
		},
		"right_fronttenttoe2": {
			"rotation": [ "(math.cos(query.life_time * 70.0) * 4.0) + 1.0", 0.0 , 0.0 ]
		},
		"right_fronttenttoe_in": {
			"rotation": [ "(math.cos(query.life_time * 70.0) * 4.0) + 1.0", 0.0 , 0.0 ]
		},
		"right_fronttenttoe_in2": {
			"rotation": [ "(math.cos(query.life_time * 70.0) * 4.0) + 1.0", 0.0 , 0.0 ]
                }
			}
		},
		"animation.ghast.scale" : {
			"loop" : true,
			"bones" : {
				"body" : {
					"scale" : 3.4
				}
			}
		}
	}
}