{
	"parent": "item/handheld",
	"textures": {
		"layer0": "SRParasites:items/weapon_axe_sentient"
	},
	"display": {
		"thirdperson_righthand": {
			"rotation": [0, 90, 53],
			"translation": [0, 8, 2.55],
			"scale": [1.8, 1.8, 1.8]
		},
		"thirdperson_lefthand": {
			"rotation": [10, -90, -53],
			"translation": [0, 8, 4.55],
			"scale": [1.8, 1.8, 1.8]
		},
        "firstperson_righthand": {
            "rotation": [ 0, 90, 60 ],
            "translation": [ 1.0, 4.0, 1.25 ],
            "scale": [ 0.95, 0.95, 0.475 ]
        },
        "firstperson_lefthand": {
            "rotation": [ 0, -90, -60 ],
            "translation": [ 1.0, 4.0, 1.25 ],
            "scale": [ 0.95, 0.95, 0.475 ]
		},
		"ground": {
			"translation": [0, 4.25, 0],
			"scale": [1, 1, 0.5]
		}
	}
}