{
	"parent": "item/handheld",
	"textures": {
		"layer0": "SRParasites:items/weapon_scythe_sentientnew"
	},
	"display": {
		"thirdperson_righthand": {
			"rotation": [0, 90, 53],
			"translation": [0, 8.5, 2.3],
			"scale": [1.8, 1.8, 1.8]
		},
		"thirdperson_lefthand": {
			"rotation": [0, -90, -53],
			"translation": [0, 8.5, 2.3],
			"scale": [1.8, 1.8, 1.8]
		},
		"firstperson_righthand": {
			"rotation": [35, 95, -20],
			"translation": [11, 7, -7],
			"scale": [2, 2, 0.68]
		},
		"firstperson_lefthand": {
			"rotation": [35, -85, 20],
			"translation": [11, 7, -7],
			"scale": [2, 2, 0.68]
		},
		"ground": {
			"translation": [0, 4.25, 0],
			"scale": [1, 1, 0.5]
		}
	}
}