{
    "parent": "item/generated",
    "textures": {
        "layer0": "SRParasites:items/weapon_bow_sentient_standby"
    },
    "display": {
        "thirdperson_righthand": {
            "rotation": [ -80, 260, -40 ],
            "translation": [ -1, -2, 2.5 ],
            "scale": [ 1.60, 1.60, 1 ]
        },
        "thirdperson_lefthand": {
            "rotation": [ -80, -280, 40 ],
            "translation": [ -1, -2, 2.5 ],
            "scale": [ 1.60, 1.60, 1 ]
        },
        "firstperson_righthand": {
            "rotation": [ 0, -90, 25 ],
            "translation": [ 1.13, 3.2, 1.13],
            "scale": [ 1.1, 1.1, 0.68 ]
        },
        "firstperson_lefthand": {
            "rotation": [ 0, 90, -25 ],
            "translation": [ 1.13, 3.2, 1.13],
            "scale": [ 1.1, 1.1, 0.68 ]
        },
        "ground": {
            "rotation": [ 0, 0, 0 ],
            "translation": [ 0.00, 4.25, 0.00 ],
            "scale": [ 1.2, 1.2, 0.5 ]
        }
    },
    "overrides": [
        {
            "predicate": {
                "pulling": 1
            },
            "model": "SRParasites:item/weapon_bow_sentient_pulling_0"
        },
        {
            "predicate": {
                "pulling": 1,
                "pull": 0.4
            },
            "model": "SRParasites:item/weapon_bow_sentient_pulling_1"
        },
        {
            "predicate": {
                "pulling": 1,
                "pull": 0.9
            },
            "model": "SRParasites:item/weapon_bow_sentient_pulling_2"
        }
    ]
}